Workbook

Sheet Main
B1: id | C1: amountClaim | D1: compensationAmount | E1: hospitalizedDate | F1: hospitalDischargeDate | G1: placeOfTreatment | H1: diagnostic | I1: tpaId | J1: createdAt | K1: Month | L1: createdAtYear | M1: createdAtYearv1 | N1: createdAtYearv2 | O1: createdAtYearv3 | P1: source | Q1: connectType | R1: co_peopleDoB | S1: age | T1: co_relationshipName | U1: co_peopleGenderName | V1: claimTypeName | W1: cleaned_diagnostic | X1: common_diagnostic_category | Y1: age_group | Z1: age_group1 | AA1: contractObjectId | AB1: peopleCityCode | AC1: peopleCity | AD1: compensationRate | AE1: contractId | AF1: claimStartDate | AG1: contractStartDate | AH1: day
A2: 0 | B2: 1b35c7826a58be899d500199a302b1a4 | C2: 809700 | D2: 251760 | E2: 45932 | G2: Bệnh viện Đa khoa Tâm Anh Hồ Chí Minh | H2: Viêm họng cấp, không đặc hiệu (J02.9), Rối loạn tiêu hoá (K30) | I2: SMART | J2: 45932.66 | K2: =MONTH(J2) -> 10 | L2: 2025 | M2: 2025 | N2: 2025 | O2: 2025 | P2: REIMBURSEMENT_CLAIM | Q2: API | R2: 45410 | S2: 1 | T2: CHILDREN | U2: FEMALE | V2: OUTPATIENT | W2: Viêm họng cấp, không đặc hiệu (j02.9), rối loạn tiêu hoá (k30) | X2: Khác | Y2: 0-17 | Z2: =IF(S2<=6,"0-6", IF(S2<=17,"7-17", IF(S2<=35,"18-35", IF(S2<=55,"36-55", "56+")))) -> 0-6 | AA2: 5af763f83815be899d50019878e5ffef | AB2: 79 | AC2: {=_xlfn.SWITCH(AB2, 79,"Thành phố Hồ Chí Minh", 1,"Thành phố Hà Nội", 35,"Tỉnh Hà Nam", 31,"Thành phố Hải Phòng", 27,"Tỉnh Bắc Ninh", 77,"Tỉnh Bà Rịa - Vũng Tàu", 48,"Thành phố Đà Nẵng", 75,"Tỉnh Đồng Nai", 38,"Tỉnh Thanh Hoá", 82,"Tỉnh Tiền Giang", 74,"Tỉnh Bình Dương", 49,"Tỉnh Quảng Nam", 51,"Tỉnh Quảng Ngãi", 52,"Tỉnh Bình Định", 40,"Tỉnh Nghệ An", "Không xác định" )} -> Thành phố Hồ Chí Minh | AD2: =ROUND((D2/C2)*100, 2) & "%" -> 31.09% | AE2: 0f2c16f83815be899d50019878e5ffe2 | AF2: =INT(E2) -> 45932 | AG2: =_xlfn.XLOOKUP(AE2, Dev!$A:$A, Dev!$B:$B, "") -> 45875.576 | AH2: =AF2-AG2 -> 56.424155
A3: 1 | B3: 4eac19f92721be899d5001999f9fc496 | C3: 2612361 | D3: 640000 | E3: 45922 | G3: Bệnh viện Đa khoa Tâm Anh Hồ Chí Minh | H3: nhiễm trùng đường ruột do vi khuẩn | I3: SMART | J3: 45931.796 | K3: =MONTH(J3) -> 10 | L3: 2025 | M3: 2025 | N3: 2025 | O3: 2025 | P3: REIMBURSEMENT_CLAIM | Q3: API | R3: 45644 | S3: 0 | T3: CHILDREN | U3: FEMALE | V3: OUTPATIENT | W3: Nhiễm trùng đường ruột do vi khuẩn | X3: Tiêu hóa | Y3: 0-17 | Z3: =IF(S3<=6,"0-6", IF(S3<=17,"7-17", IF(S3<=35,"18-35", IF(S3<=55,"36-55", "56+")))) -> 0-6 | AA3: 43504efd7f8bbe899d50019449ba5778 | AB3: 79 | AC3: {=_xlfn.SWITCH(AB3, 79,"Thành phố Hồ Chí Minh", 1,"Thành phố Hà Nội", 35,"Tỉnh Hà Nam", 31,"Thành phố Hải Phòng", 27,"Tỉnh Bắc Ninh", 77,"Tỉnh Bà Rịa - Vũng Tàu", 48,"Thành phố Đà Nẵng", 75,"Tỉnh Đồng Nai", 38,"Tỉnh Thanh Hoá", 82,"Tỉnh Tiền Giang", 74,"Tỉnh Bình Dương", 49,"Tỉnh Quảng Nam", 51,"Tỉnh Quảng Ngãi", 52,"Tỉnh Bình Định", 40,"Tỉnh Nghệ An", "Không xác định" )} -> Thành phố Hồ Chí Minh | AD3: =ROUND((D3/C3)*100, 2) & "%" -> 24.5% | AE3: f784f0fc7f8bbe899d50019449ba576b | AF3: =INT(E3) -> 45922 | AG3: =_xlfn.XLOOKUP(AE3, Dev!$A:$A, Dev!$B:$B, "") -> 45674 | AH3: =AF3-AG3 -> 248
A4: 2 | B4: 0a9513a74463be899d50019998809c9f | C4: 346000 | D4: 346000 | E4: 45925 | F4: 45926 | G4: Bệnh viện Nhi Trung ương | H4: Viêm phổi dần ổn định | I4: SMART | J4: 45930.407 | K4: =MONTH(J4) -> 9 | L4: 2025 | M4: 2025 | N4: 2025 | O4: 2025 | P4: REIMBURSEMENT_CLAIM | Q4: API | R4: 45747 | S4: 0 | T4: CHILDREN | U4: MALE | V4: OUTPATIENT | W4: Viêm phổi dần ổn định | X4: Hô hấp | Y4: 0-17 | Z4: =IF(S4<=6,"0-6", IF(S4<=17,"7-17", IF(S4<=35,"18-35", IF(S4<=55,"36-55", "56+")))) -> 0-6 | AA4: 1136ccf87a1bbe899d50019753f4db5d | AB4: 1 | AC4: {=_xlfn.SWITCH(AB4, 79,"Thành phố Hồ Chí Minh", 1,"Thành phố Hà Nội", 35,"Tỉnh Hà Nam", 31,"Thành phố Hải Phòng", 27,"Tỉnh Bắc Ninh", 77,"Tỉnh Bà Rịa - Vũng Tàu", 48,"Thành phố Đà Nẵng", 75,"Tỉnh Đồng Nai", 38,"Tỉnh Thanh Hoá", 82,"Tỉnh Tiền Giang", 74,"Tỉnh Bình Dương", 49,"Tỉnh Quảng Nam", 51,"Tỉnh Quảng Ngãi", 52,"Tỉnh Bình Định", 40,"Tỉnh Nghệ An", "Không xác định" )} -> Thành phố Hà Nội | AD4: =ROUND((D4/C4)*100, 2) & "%" -> 100% | AE4: 7a9e22a67a1bbe899d50019753f4da8e | AF4: =INT(E4) -> 45925 | AG4: =_xlfn.XLOOKUP(AE4, Dev!$A:$A, Dev!$B:$B, "") -> 45818.674 | AH4: =AF4-AG4 -> 106.32574
A5: 3 | B5: ea18e5fb4463be899d50019998775412 | C5: 1333550 | D5: 568550 | E5: 45922 | F5: 45922 | G5: Bệnh viện Nhi Trung ương | H5: Viêm phổi không đặc hiệu | I5: SMART | J5: 45930.403 | K5: =MONTH(J5) -> 9 | L5: 2025 | M5: 2025 | N5: 2025 | O5: 2025 | P5: REIMBURSEMENT_CLAIM | Q5: API | R5: 45747 | S5: 0 | T5: CHILDREN | U5: MALE | V5: OUTPATIENT | W5: Viêm phổi không đặc hiệu | X5: Hô hấp | Y5: 0-17 | Z5: =IF(S5<=6,"0-6", IF(S5<=17,"7-17", IF(S5<=35,"18-35", IF(S5<=55,"36-55", "56+")))) -> 0-6 | AA5: 1136ccf87a1bbe899d50019753f4db5d | AB5: 1 | AC5: {=_xlfn.SWITCH(AB5, 79,"Thành phố Hồ Chí Minh", 1,"Thành phố Hà Nội", 35,"Tỉnh Hà Nam", 31,"Thành phố Hải Phòng", 27,"Tỉnh Bắc Ninh", 77,"Tỉnh Bà Rịa - Vũng Tàu", 48,"Thành phố Đà Nẵng", 75,"Tỉnh Đồng Nai", 38,"Tỉnh Thanh Hoá", 82,"Tỉnh Tiền Giang", 74,"Tỉnh Bình Dương", 49,"Tỉnh Quảng Nam", 51,"Tỉnh Quảng Ngãi", 52,"Tỉnh Bình Định", 40,"Tỉnh Nghệ An", "Không xác định" )} -> Thành phố Hà Nội | AD5: =ROUND((D5/C5)*100, 2) & "%" -> 42.63% | AE5: 7a9e22a67a1bbe899d50019753f4da8e | AF5: =INT(E5) -> 45922 | AG5: =_xlfn.XLOOKUP(AE5, Dev!$A:$A, Dev!$B:$B, "") -> 45818.674 | AH5: =AF5-AG5 -> 103.32574
A6: 4 | B6: b123709656c5be899d500199869bf8fe | C6: 1559900 | D6: 105600 | E6: 45923 | F6: 45925 | G6: Bệnh viện Nhi Trung ương - Trung tâm Quốc tế | H6: Rối loạn tiêu hoá-Viêm phế quản | I6: SMART | J6: 45926.936 | K6: =MONTH(J6) -> 9 | L6: 2025 | M6: 2025 | N6: 2025 | O6: 2025 | P6: REIMBURSEMENT_CLAIM | Q6: API | R6: 45283 | S6: 1 | T6: CHILDREN | U6: MALE | V6: OUTPATIENT | W6: Rối loạn tiêu hoá-viêm phế quản | X6: Tiêu hóa | Y6: 0-17 | Z6: =IF(S6<=6,"0-6", IF(S6<=17,"7-17", IF(S6<=35,"18-35", IF(S6<=55,"36-55", "56+")))) -> 0-6 | AA6: 3ecf7efb75c8be899d5001956abd408b | AB6: 35 | AC6: {=_xlfn.SWITCH(AB6, 79,"Thành phố Hồ Chí Minh", 1,"Thành phố Hà Nội", 35,"Tỉnh Hà Nam", 31,"Thành phố Hải Phòng", 27,"Tỉnh Bắc Ninh", 77,"Tỉnh Bà Rịa - Vũng Tàu", 48,"Thành phố Đà Nẵng", 75,"Tỉnh Đồng Nai", 38,"Tỉnh Thanh Hoá", 82,"Tỉnh Tiền Giang", 74,"Tỉnh Bình Dương", 49,"Tỉnh Quảng Nam", 51,"Tỉnh Quảng Ngãi", 52,"Tỉnh Bình Định", 40,"Tỉnh Nghệ An", "Không xác định" )} -> Tỉnh Hà Nam | AD6: =ROUND((D6/C6)*100, 2) & "%" -> 6.77% | AE6: 9738e3f975c8be899d5001956abd3fd9 | AF6: =INT(E6) -> 45923 | AG6: =_xlfn.XLOOKUP(AE6, Dev!$A:$A, Dev!$B:$B, "") -> 45723.678 | AH6: =AF6-AG6 -> 199.32238
A7: 5 | B7: 501525f956c5be899d5001998694fe91 | C7: 1300000 | D7: 800000 | E7: 45921 | F7: 45921 | G7: Bệnh viện Nhi Trung ương - Trung tâm Quốc tế | H7: Viêm phế quản | I7: SMART | J7: 45926.929 | K7: =MONTH(J7) -> 9 | L7: 2025 | M7: 2025 | N7: 2025 | O7: 2025 | P7: REIMBURSEMENT_CLAIM | Q7: API | R7: 45283 | S7: 1 | T7: CHILDREN | U7: MALE | V7: OUTPATIENT | W7: Viêm phế quản | X7: Khác | Y7: 0-17 | Z7: =IF(S7<=6,"0-6", IF(S7<=17,"7-17", IF(S7<=35,"18-35", IF(S7<=55,"36-55", "56+")))) -> 0-6 | AA7: 3ecf7efb75c8be899d5001956abd408b | AB7: 35 | AC7: {=_xlfn.SWITCH(AB7, 79,"Thành phố Hồ Chí Minh", 1,"Thành phố Hà Nội", 35,"Tỉnh Hà Nam", 31,"Thành phố Hải Phòng", 27,"Tỉnh Bắc Ninh", 77,"Tỉnh Bà Rịa - Vũng Tàu", 48,"Thành phố Đà Nẵng", 75,"Tỉnh Đồng Nai", 38,"Tỉnh Thanh Hoá", 82,"Tỉnh Tiền Giang", 74,"Tỉnh Bình Dương", 49,"Tỉnh Quảng Nam", 51,"Tỉnh Quảng Ngãi", 52,"Tỉnh Bình Định", 40,"Tỉnh Nghệ An", "Không xác định" )} -> Tỉnh Hà Nam | AD7: =ROUND((D7/C7)*100, 2) & "%" -> 61.54% | AE7: 9738e3f975c8be899d5001956abd3fd9 | AF7: =INT(E7) -> 45921 | AG7: =_xlfn.XLOOKUP(AE7, Dev!$A:$A, Dev!$B:$B, "") -> 45723.678 | AH7: =AF7-AG7 -> 197.32238
A8: 6 | B8: 03a7146656c5be899d50019984c98f96 | C8: 363290 | D8: 363290 | E8: 45925 | F8: 45925 | G8: Bệnh viện Nhi Đồng I | H8: Bệnh tay chân miệng độ 1 ngày 9 - Nhiễm trùng đường ruột do vi khuẩn | I8: SMART | J8: 45926.579 | K8: =MONTH(J8) -> 9 | L8: 2025 | M8: 2025 | N8: 2025 | O8: 2025 | P8: REIMBURSEMENT_CLAIM | Q8: API | R8: 44269 | S8: 4 | T8: CHILDREN | U8: MALE | V8: OUTPATIENT | W8: Bệnh tay chân miệng độ 1 ngày 9 - nhiễm trùng đường ruột do vi khuẩn | X8: Tiêu hóa | Y8: 0-17 | Z8: =IF(S8<=6,"0-6", IF(S8<=17,"7-17", IF(S8<=35,"18-35", IF(S8<=55,"36-55", "56+")))) -> 0-6 | AA8: e7056dfc7b61be899d500195376d0bdf | AB8: 79 | AC8: {=_xlfn.SWITCH(AB8, 79,"Thành phố Hồ Chí Minh", 1,"Thành phố Hà Nội", 35,"Tỉnh Hà Nam", 31,"Thành phố Hải Phòng", 27,"Tỉnh Bắc Ninh", 77,"Tỉnh Bà Rịa - Vũng Tàu", 48,"Thành phố Đà Nẵng", 75,"Tỉnh Đồng Nai", 38,"Tỉnh Thanh Hoá", 82,"Tỉnh Tiền Giang", 74,"Tỉnh Bình Dương", 49,"Tỉnh Quảng Nam", 51,"Tỉnh Quảng Ngãi", 52,"Tỉnh Bình Định", 40,"Tỉnh Nghệ An", "Không xác định" )} -> Thành phố Hồ Chí Minh | AD8: =ROUND((D8/C8)*100, 2) & "%" -> 100% | AE8: 9c3910fb7b61be899d500195376d0bcd | AF8: =INT(E8) -> 45925 | AG8: =_xlfn.XLOOKUP(AE8, Dev!$A:$A, Dev!$B:$B, "") -> 45689 | AH8: =AF8-AG8 -> 236
A9: 7 | B9: 0fa33b1256c5be899d5001998450f526 | C9: 640000 | D9: 640000 | E9: 45897 | F9: 45905 | G9: Bệnh viện Đa khoa Phương Đông | H9: viên phế quản phổi, viêm tai giữa ứ dịch 2 bên, viêm mũi họng amidan cấp, nấm miệng, rối loạn tiêu hoá | I9: SMART | J9: 45926.499 | K9: =MONTH(J9) -> 9 | L9: 2025 | M9: 2025 | N9: 2025 | O9: 2025 | P9: REIMBURSEMENT_CLAIM | Q9: API | R9: 45573 | S9: 1 | T9: CHILDREN | U9: MALE | V9: HOSPITALIZATION ALLOWANCE | W9: Viên phế quản phổi, viêm tai giữa ứ dịch 2 bên, viêm mũi họng amidan cấp, nấm miệng, rối loạn tiêu hoá | X9: Hô hấp | Y9: 0-17 | Z9: =IF(S9<=6,"0-6", IF(S9<=17,"7-17", IF(S9<=35,"18-35", IF(S9<=55,"36-55", "56+")))) -> 0-6 | AA9: 8cee67fa1e92be899d500196e8e71072 | AB9: 1 | AC9: {=_xlfn.SWITCH(AB9, 79,"Thành phố Hồ Chí Minh", 1,"Thành phố Hà Nội", 35,"Tỉnh Hà Nam", 31,"Thành phố Hải Phòng", 27,"Tỉnh Bắc Ninh", 77,"Tỉnh Bà Rịa - Vũng Tàu", 48,"Thành phố Đà Nẵng", 75,"Tỉnh Đồng Nai", 38,"Tỉnh Thanh Hoá", 82,"Tỉnh Tiền Giang", 74,"Tỉnh Bình Dương", 49,"Tỉnh Quảng Nam", 51,"Tỉnh Quảng Ngãi", 52,"Tỉnh Bình Định", 40,"Tỉnh Nghệ An", "Không xác định" )} -> Thành phố Hà Nội | AD9: =ROUND((D9/C9)*100, 2) & "%" -> 100% | AE9: 31232afa1e92be899d500196e8e71058 | AF9: =INT(E9) -> 45897 | AG9: =_xlfn.XLOOKUP(AE9, Dev!$A:$A, Dev!$B:$B, "") -> 45797.886 | AH9: =AF9-AG9 -> 99.113576
A10: 8 | B10: baeb74f356c5be899d50019983f84942 | C10: 481500 | D10: 365200 | E10: 45887 | F10: 45887 | G10: PHÒNG KHÁM NHI KINDERHEALTH QUẬN 7 | H10: viêm thanh quản cấp (J04.0) Viêm mũi họng cấp J00 | I10: SMART | J10: 45926.421 | K10: =MONTH(J10) -> 9 | L10: 2025 | M10: 2025 | N10: 2025 | O10: 2025 | P10: REIMBURSEMENT_CLAIM | Q10: API | R10: 44507 | S10: 3 | T10: CHILDREN | U10: MALE | V10: OUTPATIENT | W10: Viêm thanh quản cấp (j04.0) viêm mũi họng cấp j00 | X10: Hô hấp | Y10: 0-17 | Z10: =IF(S10<=6,"0-6", IF(S10<=17,"7-17", IF(S10<=35,"18-35", IF(S10<=55,"36-55", "56+")))) -> 0-6 | AA10: b4041b76168ebe899d5001934d218ce9 | AB10: 79 | AC10: {=_xlfn.SWITCH(AB10, 79,"Thành phố Hồ Chí Minh", 1,"Thành phố Hà Nội", 35,"Tỉnh Hà Nam", 31,"Thành phố Hải Phòng", 27,"Tỉnh Bắc Ninh", 77,"Tỉnh Bà Rịa - Vũng Tàu", 48,"Thành phố Đà Nẵng", 75,"Tỉnh Đồng Nai", 38,"Tỉnh Thanh Hoá", 82,"Tỉnh Tiền Giang", 74,"Tỉnh Bình Dương", 49,"Tỉnh Quảng Nam", 51,"Tỉnh Quảng Ngãi", 52,"Tỉnh Bình Định", 40,"Tỉnh Nghệ An", "Không xác định" )} -> Thành phố Hồ Chí Minh | AD10: =ROUND((D10/C10)*100, 2) & "%" -> 75.85% | AE10: 6938cdb5168ebe899d5001934d218cda | AF10: =INT(E10) -> 45887 | AG10: =_xlfn.XLOOKUP(AE10, Dev!$A:$A, Dev!$B:$B, "") -> 45618.508 | AH10: =AF10-AG10 -> 268.49229
A11: 9 | B11: f13834a3342bbe899d5001997f707212 | C11: 534650 | D11: 384650 | E11: 45923 | F11: 45923 | G11: Bệnh viện Nhi Đồng I | H11: Bệnh tay chân miệng độ 1 ngày 6 - Nhiễm trùng đường ruột do vi khuẩn | I11: SMART | J11: 45925.541 | K11: =MONTH(J11) -> 9 | L11: 2025 | M11: 2025 | N11: 2025 | O11: 2025 | P11: REIMBURSEMENT_CLAIM | Q11: API | R11: 44269 | S11: 4 | T11: CHILDREN | U11: MALE | V11: OUTPATIENT | W11: Bệnh tay chân miệng độ 1 ngày 6 - nhiễm trùng đường ruột do vi khuẩn | X11: Tiêu hóa | Y11: 0-17 | Z11: =IF(S11<=6,"0-6", IF(S11<=17,"7-17", IF(S11<=35,"18-35", IF(S11<=55,"36-55", "56+")))) -> 0-6 | AA11: e7056dfc7b61be899d500195376d0bdf | AB11: 79 | AC11: {=_xlfn.SWITCH(AB11, 79,"Thành phố Hồ Chí Minh", 1,"Thành phố Hà Nội", 35,"Tỉnh Hà Nam", 31,"Thành phố Hải Phòng", 27,"Tỉnh Bắc Ninh", 77,"Tỉnh Bà Rịa - Vũng Tàu", 48,"Thành phố Đà Nẵng", 75,"Tỉnh Đồng Nai", 38,"Tỉnh Thanh Hoá", 82,"Tỉnh Tiền Giang", 74,"Tỉnh Bình Dương", 49,"Tỉnh Quảng Nam", 51,"Tỉnh Quảng Ngãi", 52,"Tỉnh Bình Định", 40,"Tỉnh Nghệ An", "Không xác định" )} -> Thành phố Hồ Chí Minh | AD11: =ROUND((D11/C11)*100, 2) & "%" -> 71.94% | AE11: 9c3910fb7b61be899d500195376d0bcd | AF11: =INT(E11) -> 45923 | AG11: =_xlfn.XLOOKUP(AE11, Dev!$A:$A, Dev!$B:$B, "") -> 45689 | AH11: =AF11-AG11 -> 234
A12: 10 | B12: 8ce64a50342bbe899d5001997f6d375b | C12: 307244 | D12: 300424 | E12: 45921 | F12: 45921 | G12: Bệnh viện Nhi Đồng I | H12: Bệnh tay chân miệng độ 1 ngày 4 | I12: SMART | J12: 45925.537 | K12: =MONTH(J12) -> 9 | L12: 2025 | M12: 2025 | N12: 2025 | O12: 2025 | P12: REIMBURSEMENT_CLAIM | Q12: API | R12: 44269 | S12: 4 | T12: CHILDREN | U12: MALE | V12: OUTPATIENT | W12: Bệnh tay chân miệng độ 1 ngày 4 | X12: Khác | Y12: 0-17 | Z12: =IF(S12<=6,"0-6", IF(S12<=17,"7-17", IF(S12<=35,"18-35", IF(S12<=55,"36-55", "56+")))) -> 0-6 | AA12: e7056dfc7b61be899d500195376d0bdf | AB12: 79 | AC12: {=_xlfn.SWITCH(AB12, 79,"Thành phố Hồ Chí Minh", 1,"Thành phố Hà Nội", 35,"Tỉnh Hà Nam", 31,"Thành phố Hải Phòng", 27,"Tỉnh Bắc Ninh", 77,"Tỉnh Bà Rịa - Vũng Tàu", 48,"Thành phố Đà Nẵng", 75,"Tỉnh Đồng Nai", 38,"Tỉnh Thanh Hoá", 82,"Tỉnh Tiền Giang", 74,"Tỉnh Bình Dương", 49,"Tỉnh Quảng Nam", 51,"Tỉnh Quảng Ngãi", 52,"Tỉnh Bình Định", 40,"Tỉnh Nghệ An", "Không xác định" )} -> Thành phố Hồ Chí Minh | AD12: =ROUND((D12/C12)*100, 2) & "%" -> 97.78% | AE12: 9c3910fb7b61be899d500195376d0bcd | AF12: =INT(E12) -> 45921 | AG12: =_xlfn.XLOOKUP(AE12, Dev!$A:$A, Dev!$B:$B, "") -> 45689 | AH12: =AF12-AG12 -> 232
A13: 11 | B13: a53759f9342bbe899d5001997f69511d | C13: 387472 | D13: 387472 | E13: 45919 | F13: 45919 | G13: Bệnh viện Nhi Đồng I | H13: Viêm mũi họng | I13: SMART | J13: 45925.535 | K13: =MONTH(J13) -> 9 | L13: 2025 | M13: 2025 | N13: 2025 | O13: 2025 | P13: REIMBURSEMENT_CLAIM | Q13: API | R13: 44269 | S13: 4 | T13: CHILDREN | U13: MALE | V13: OUTPATIENT | W13: Viêm mũi họng | X13: Hô hấp | Y13: 0-17 | Z13: =IF(S13<=6,"0-6", IF(S13<=17,"7-17", IF(S13<=35,"18-35", IF(S13<=55,"36-55", "56+")))) -> 0-6 | AA13: e7056dfc7b61be899d500195376d0bdf | AB13: 79 | AC13: {=_xlfn.SWITCH(AB13, 79,"Thành phố Hồ Chí Minh", 1,"Thành phố Hà Nội", 35,"Tỉnh Hà Nam", 31,"Thành phố Hải Phòng", 27,"Tỉnh Bắc Ninh", 77,"Tỉnh Bà Rịa - Vũng Tàu", 48,"Thành phố Đà Nẵng", 75,"Tỉnh Đồng Nai", 38,"Tỉnh Thanh Hoá", 82,"Tỉnh Tiền Giang", 74,"Tỉnh Bình Dương", 49,"Tỉnh Quảng Nam", 51,"Tỉnh Quảng Ngãi", 52,"Tỉnh Bình Định", 40,"Tỉnh Nghệ An", "Không xác định" )} -> Thành phố Hồ Chí Minh | AD13: =ROUND((D13/C13)*100, 2) & "%" -> 100% | AE13: 9c3910fb7b61be899d500195376d0bcd | AF13: =INT(E13) -> 45919 | AG13: =_xlfn.XLOOKUP(AE13, Dev!$A:$A, Dev!$B:$B, "") -> 45689 | AH13: =AF13-AG13 -> 230
A14: 12 | B14: 1655e2c53b75be899d5001996b2d0708 | C14: 798635 | D14: 653135 | E14: 45921 | G14: Bệnh Viện Nhi Đồng II | H14: Viêm họng cấp , sốt | I14: SMART | J14: 45923.576 | K14: =MONTH(J14) -> 9 | L14: 2025 | M14: 2025 | N14: 2025 | O14: 2025 | P14: REIMBURSEMENT_CLAIM | Q14: API | R14: 43048 | S14: 7 | T14: CHILDREN | U14: FEMALE | V14: OUTPATIENT | W14: Viêm họng cấp , sốt | X14: Hô hấp | Y14: 0-17 | Z14: =IF(S14<=6,"0-6", IF(S14<=17,"7-17", IF(S14<=35,"18-35", IF(S14<=55,"36-55", "56+")))) -> 7-17 | AA14: 1f9f9507168ebe899d500193af9b883f | AB14: 79 | AC14: {=_xlfn.SWITCH(AB14, 79,"Thành phố Hồ Chí Minh", 1,"Thành phố Hà Nội", 35,"Tỉnh Hà Nam", 31,"Thành phố Hải Phòng", 27,"Tỉnh Bắc Ninh", 77,"Tỉnh Bà Rịa - Vũng Tàu", 48,"Thành phố Đà Nẵng", 75,"Tỉnh Đồng Nai", 38,"Tỉnh Thanh Hoá", 82,"Tỉnh Tiền Giang", 74,"Tỉnh Bình Dương", 49,"Tỉnh Quảng Nam", 51,"Tỉnh Quảng Ngãi", 52,"Tỉnh Bình Định", 40,"Tỉnh Nghệ An", "Không xác định" )} -> Thành phố Hồ Chí Minh | AD14: =ROUND((D14/C14)*100, 2) & "%" -> 81.78% | AE14: c3d35846168ebe899d500193af9b8828 | AF14: =INT(E14) -> 45921 | AG14: =_xlfn.XLOOKUP(AE14, Dev!$A:$A, Dev!$B:$B, "") -> 45631 | AH14: =AF14-AG14 -> 290
A15: 13 | B15: 33d6b0fe0963be899d500199718c0372 | C15: 4029209 | D15: 2359809 | E15: 45917 | F15: 45919 | G15: Khác | H15: Buồn nôn và nôn, rối loạn tiêu hóa | I15: SMART | J15: 45922.843 | K15: =MONTH(J15) -> 9 | L15: 2025 | M15: 2025 | N15: 2025 | O15: 2025 | P15: REIMBURSEMENT_CLAIM | Q15: API | R15: 45650 | S15: 0 | T15: CHILDREN | U15: MALE | V15: INPATIENT | W15: Buồn nôn và nôn, rối loạn tiêu hóa | X15: Tiêu hóa | Y15: 0-17 | Z15: =IF(S15<=6,"0-6", IF(S15<=17,"7-17", IF(S15<=35,"18-35", IF(S15<=55,"36-55", "56+")))) -> 0-6 | AA15: 82097e071eecbe899d500194f39980eb | AB15: 31 | AC15: {=_xlfn.SWITCH(AB15, 79,"Thành phố Hồ Chí Minh", 1,"Thành phố Hà Nội", 35,"Tỉnh Hà Nam", 31,"Thành phố Hải Phòng", 27,"Tỉnh Bắc Ninh", 77,"Tỉnh Bà Rịa - Vũng Tàu", 48,"Thành phố Đà Nẵng", 75,"Tỉnh Đồng Nai", 38,"Tỉnh Thanh Hoá", 82,"Tỉnh Tiền Giang", 74,"Tỉnh Bình Dương", 49,"Tỉnh Quảng Nam", 51,"Tỉnh Quảng Ngãi", 52,"Tỉnh Bình Định", 40,"Tỉnh Nghệ An", "Không xác định" )} -> Thành phố Hải Phòng | AD15: =ROUND((D15/C15)*100, 2) & "%" -> 58.57% | AE15: 373d21561eecbe899d500194f39980db | AF15: =INT(E15) -> 45917 | AG15: =_xlfn.XLOOKUP(AE15, Dev!$A:$A, Dev!$B:$B, "") -> 45700.543 | AH15: =AF15-AG15 -> 216.45703
A16: 14 | B16: 0d2db3f90963be899d5001997174301d | C16: 2517275 | D16: 1085820 | E16: 45922 | F16: 45922 | G16: BỆNH VIỆN ĐA KHOA QUỐC TẾ VINMEC HẢI PHÒNG | H16: Viêm phế quản phổi | I16: SMART | J16: 45922.824 | K16: =MONTH(J16) -> 9 | L16: 2025 | M16: 2025 | N16: 2025 | O16: 2025 | P16: REIMBURSEMENT_CLAIM | Q16: API | R16: 45636 | S16: 0 | T16: CHILDREN | U16: FEMALE | V16: OUTPATIENT | W16: Viêm phế quản phổi | X16: Hô hấp | Y16: 0-17 | Z16: =IF(S16<=6,"0-6", IF(S16<=17,"7-17", IF(S16<=35,"18-35", IF(S16<=55,"36-55", "56+")))) -> 0-6 | AA16: 2a6826fb6fcbbe899d500195fac295c7 | AB16: 31 | AC16: {=_xlfn.SWITCH(AB16, 79,"Thành phố Hồ Chí Minh", 1,"Thành phố Hà Nội", 35,"Tỉnh Hà Nam", 31,"Thành phố Hải Phòng", 27,"Tỉnh Bắc Ninh", 77,"Tỉnh Bà Rịa - Vũng Tàu", 48,"Thành phố Đà Nẵng", 75,"Tỉnh Đồng Nai", 38,"Tỉnh Thanh Hoá", 82,"Tỉnh Tiền Giang", 74,"Tỉnh Bình Dương", 49,"Tỉnh Quảng Nam", 51,"Tỉnh Quảng Ngãi", 52,"Tỉnh Bình Định", 40,"Tỉnh Nghệ An", "Không xác định" )} -> Thành phố Hải Phòng | AD16: =ROUND((D16/C16)*100, 2) & "%" -> 43.13% | AE16: de9cd8fa6fcbbe899d500195fac295b6 | AF16: =INT(E16) -> 45922 | AG16: =_xlfn.XLOOKUP(AE16, Dev!$A:$A, Dev!$B:$B, "") -> 45751.644 | AH16: =AF16-AG16 -> 170.35631
A17: 15 | B17: ee1defe13b75be899d5001996b28748b | C17: 1437000 | D17: 846318 | E17: 45916 | F17: 45920 | G17: Bệnh viện đa khoa Kinh Bắc II | H17: Viêm phế quản cấp, Tay chân miệng, Viêm amydan, Viêm V.A cấp | I17: SMART | J17: 45921.603 | K17: =MONTH(J17) -> 9 | L17: 2025 | M17: 2025 | N17: 2025 | O17: 2025 | P17: REIMBURSEMENT_CLAIM | Q17: API | R17: 45487 | S17: 1 | T17: CHILDREN | U17: MALE | V17: HOSPITALIZATION ALLOWANCE | W17: Viêm phế quản cấp, tay chân miệng, viêm amydan, viêm v.a cấp | X17: Khác | Y17: 0-17 | Z17: =IF(S17<=6,"0-6", IF(S17<=17,"7-17", IF(S17<=35,"18-35", IF(S17<=55,"36-55", "56+")))) -> 0-6 | AA17: b1231cb26fcbbe899d500195ec39357c | AB17: 27 | AC17: {=_xlfn.SWITCH(AB17, 79,"Thành phố Hồ Chí Minh", 1,"Thành phố Hà Nội", 35,"Tỉnh Hà Nam", 31,"Thành phố Hải Phòng", 27,"Tỉnh Bắc Ninh", 77,"Tỉnh Bà Rịa - Vũng Tàu", 48,"Thành phố Đà Nẵng", 75,"Tỉnh Đồng Nai", 38,"Tỉnh Thanh Hoá", 82,"Tỉnh Tiền Giang", 74,"Tỉnh Bình Dương", 49,"Tỉnh Quảng Nam", 51,"Tỉnh Quảng Ngãi", 52,"Tỉnh Bình Định", 40,"Tỉnh Nghệ An", "Không xác định" )} -> Tỉnh Bắc Ninh | AD17: =ROUND((D17/C17)*100, 2) & "%" -> 58.89% | AE17: 1b8b71416fcbbe899d500195ec3934c0 | AF17: =INT(E17) -> 45916 | AG17: =_xlfn.XLOOKUP(AE17, Dev!$A:$A, Dev!$B:$B, "") -> 45748.821 | AH17: =AF17-AG17 -> 167.17903
A18: 16 | B18: ae5ac20156c0be899d5001996279d16c | C18: 1086236 | D18: 551057 | E18: 45919 | G18: Phòng khám Đa khoa Quốc tế Thu Cúc cơ sở Trần Duy Hưng | H18: viêm họng, viêm amidan, viêm phế quan, nhiễm khuẩn nặng | I18: SMART | J18: 45919.924 | K18: =MONTH(J18) -> 9 | L18: 2025 | M18: 2025 | N18: 2025 | O18: 2025 | P18: REIMBURSEMENT_CLAIM | Q18: API | R18: 45598 | S18: 0 | T18: CHILDREN | U18: MALE | V18: OUTPATIENT | W18: Viêm họng, viêm amidan, viêm phế quan, nhiễm khuẩn nặng | X18: Hô hấp | Y18: 0-17 | Z18: =IF(S18<=6,"0-6", IF(S18<=17,"7-17", IF(S18<=35,"18-35", IF(S18<=55,"36-55", "56+")))) -> 0-6 | AA18: 87ee5bfa54ccbe899d50019521552f30 | AB18: 1 | AC18: {=_xlfn.SWITCH(AB18, 79,"Thành phố Hồ Chí Minh", 1,"Thành phố Hà Nội", 35,"Tỉnh Hà Nam", 31,"Thành phố Hải Phòng", 27,"Tỉnh Bắc Ninh", 77,"Tỉnh Bà Rịa - Vũng Tàu", 48,"Thành phố Đà Nẵng", 75,"Tỉnh Đồng Nai", 38,"Tỉnh Thanh Hoá", 82,"Tỉnh Tiền Giang", 74,"Tỉnh Bình Dương", 49,"Tỉnh Quảng Nam", 51,"Tỉnh Quảng Ngãi", 52,"Tỉnh Bình Định", 40,"Tỉnh Nghệ An", "Không xác định" )} -> Thành phố Hà Nội | AD18: =ROUND((D18/C18)*100, 2) & "%" -> 50.73% | AE18: e057c0f954ccbe899d50019521552e55 | AF18: =INT(E18) -> 45919 | AG18: =_xlfn.XLOOKUP(AE18, Dev!$A:$A, Dev!$B:$B, "") -> 45709.423 | AH18: =AF18-AG18 -> 209.57652
A19: 17 | B19: 16c8b8b256c0be899d50019962521b32 | C19: 1499450 | D19: 1399450 | E19: 45916 | F19: 45916 | G19: Bệnh viện Nhi Trung ương - Trung tâm Quốc tế | H19: Viêm mũi họng cấp | I19: SMART | J19: 45919.89 | K19: =MONTH(J19) -> 9 | L19: 2025 | M19: 2025 | N19: 2025 | O19: 2025 | P19: REIMBURSEMENT_CLAIM | Q19: API | R19: 45145 | S19: 2 | T19: CHILDREN | U19: MALE | V19: OUTPATIENT | W19: Viêm mũi họng cấp | X19: Hô hấp | Y19: 0-17 | Z19: =IF(S19<=6,"0-6", IF(S19<=17,"7-17", IF(S19<=35,"18-35", IF(S19<=55,"36-55", "56+")))) -> 0-6 | AA19: 05e1b2f96fcbbe899d500196a384aa24 | AB19: 27 | AC19: {=_xlfn.SWITCH(AB19, 79,"Thành phố Hồ Chí Minh", 1,"Thành phố Hà Nội", 35,"Tỉnh Hà Nam", 31,"Thành phố Hải Phòng", 27,"Tỉnh Bắc Ninh", 77,"Tỉnh Bà Rịa - Vũng Tàu", 48,"Thành phố Đà Nẵng", 75,"Tỉnh Đồng Nai", 38,"Tỉnh Thanh Hoá", 82,"Tỉnh Tiền Giang", 74,"Tỉnh Bình Dương", 49,"Tỉnh Quảng Nam", 51,"Tỉnh Quảng Ngãi", 52,"Tỉnh Bình Định", 40,"Tỉnh Nghệ An", "Không xác định" )} -> Tỉnh Bắc Ninh | AD19: =ROUND((D19/C19)*100, 2) & "%" -> 93.33% | AE19: b91665f96fcbbe899d500196a384aa10 | AF19: =INT(E19) -> 45916 | AG19: =_xlfn.XLOOKUP(AE19, Dev!$A:$A, Dev!$B:$B, "") -> 45784.413 | AH19: =AF19-AG19 -> 131.58669
A20: 18 | B20: 6cd741a756c0be899d500199625067bc | C20: 525000 | D20: 600000 | E20: 45913 | F20: 45913 | G20: Khác | H20: dị ứng nổi mảng đỏ | I20: SMART | J20: 45919.887 | K20: =MONTH(J20) -> 9 | L20: 2025 | M20: 2025 | N20: 2025 | O20: 2025 | P20: REIMBURSEMENT_CLAIM | Q20: API | R20: 45719 | S20: 0 | T20: CHILDREN | U20: MALE | V20: OUTPATIENT | W20: Dị ứng nổi mảng đỏ | X20: Da liễu | Y20: 0-17 | Z20: =IF(S20<=6,"0-6", IF(S20<=17,"7-17", IF(S20<=35,"18-35", IF(S20<=55,"36-55", "56+")))) -> 0-6 | AA20: f94258d56fcbbe899d50019652e38cb4 | AB20: 79 | AC20: {=_xlfn.SWITCH(AB20, 79,"Thành phố Hồ Chí Minh", 1,"Thành phố Hà Nội", 35,"Tỉnh Hà Nam", 31,"Thành phố Hải Phòng", 27,"Tỉnh Bắc Ninh", 77,"Tỉnh Bà Rịa - Vũng Tàu", 48,"Thành phố Đà Nẵng", 75,"Tỉnh Đồng Nai", 38,"Tỉnh Thanh Hoá", 82,"Tỉnh Tiền Giang", 74,"Tỉnh Bình Dương", 49,"Tỉnh Quảng Nam", 51,"Tỉnh Quảng Ngãi", 52,"Tỉnh Bình Định", 40,"Tỉnh Nghệ An", "Không xác định" )} -> Thành phố Hồ Chí Minh | AD20: =ROUND((D20/C20)*100, 2) & "%" -> 114.29% | AE20: 53babd546fcbbe899d50019652e38bf6 | AF20: =INT(E20) -> 45913 | AG20: =_xlfn.XLOOKUP(AE20, Dev!$A:$A, Dev!$B:$B, "") -> 45768.757 | AH20: =AF20-AG20 -> 144.24337
A21: 19 | B21: 36819e35620cbe899d5001995cf4bb7f | C21: 1494700 | D21: 1928890 | E21: 45901 | F21: 45909 | G21: Bệnh viện Nhi Trung ương - Trung tâm Quốc tế | H21: viêm phổi | I21: SMART | J21: 45918.849 | K21: =MONTH(J21) -> 9 | L21: 2025 | M21: 2025 | N21: 2025 | O21: 2025 | P21: REIMBURSEMENT_CLAIM | Q21: API | R21: 45598 | S21: 0 | T21: CHILDREN | U21: MALE | V21: OUTPATIENT | W21: Viêm phổi | X21: Khác | Y21: 0-17 | Z21: =IF(S21<=6,"0-6", IF(S21<=17,"7-17", IF(S21<=35,"18-35", IF(S21<=55,"36-55", "56+")))) -> 0-6 | AA21: 87ee5bfa54ccbe899d50019521552f30 | AB21: 1 | AC21: {=_xlfn.SWITCH(AB21, 79,"Thành phố Hồ Chí Minh", 1,"Thành phố Hà Nội", 35,"Tỉnh Hà Nam", 31,"Thành phố Hải Phòng", 27,"Tỉnh Bắc Ninh", 77,"Tỉnh Bà Rịa - Vũng Tàu", 48,"Thành phố Đà Nẵng", 75,"Tỉnh Đồng Nai", 38,"Tỉnh Thanh Hoá", 82,"Tỉnh Tiền Giang", 74,"Tỉnh Bình Dương", 49,"Tỉnh Quảng Nam", 51,"Tỉnh Quảng Ngãi", 52,"Tỉnh Bình Định", 40,"Tỉnh Nghệ An", "Không xác định" )} -> Thành phố Hà Nội | AD21: =ROUND((D21/C21)*100, 2) & "%" -> 129.05% | AE21: e057c0f954ccbe899d50019521552e55 | AF21: =INT(E21) -> 45901 | AG21: =_xlfn.XLOOKUP(AE21, Dev!$A:$A, Dev!$B:$B, "") -> 45709.423 | AH21: =AF21-AG21 -> 191.57652
A22: 20 | B22: 71807efc620cbe899d5001995c69d23c | C22: 742600 | D22: 742600 | E22: 45902 | F22: 45902 | G22: Bệnh viện Nhi Trung ương - Trung tâm Quốc tế | H22: Viêm mũi họng cấp | I22: SMART | J22: 45918.739 | K22: =MONTH(J22) -> 9 | L22: 2025 | M22: 2025 | N22: 2025 | O22: 2025 | P22: REIMBURSEMENT_CLAIM | Q22: API | R22: 45381 | S22: 1 | T22: CHILDREN | U22: FEMALE | V22: OUTPATIENT | W22: Viêm mũi họng cấp | X22: Hô hấp | Y22: 0-17 | Z22: =IF(S22<=6,"0-6", IF(S22<=17,"7-17", IF(S22<=35,"18-35", IF(S22<=55,"36-55", "56+")))) -> 0-6 | AA22: a35827ff1eecbe899d5001951229a4b9 | AB22: 1 | AC22: {=_xlfn.SWITCH(AB22, 79,"Thành phố Hồ Chí Minh", 1,"Thành phố Hà Nội", 35,"Tỉnh Hà Nam", 31,"Thành phố Hải Phòng", 27,"Tỉnh Bắc Ninh", 77,"Tỉnh Bà Rịa - Vũng Tàu", 48,"Thành phố Đà Nẵng", 75,"Tỉnh Đồng Nai", 38,"Tỉnh Thanh Hoá", 82,"Tỉnh Tiền Giang", 74,"Tỉnh Bình Dương", 49,"Tỉnh Quảng Nam", 51,"Tỉnh Quảng Ngãi", 52,"Tỉnh Bình Định", 40,"Tỉnh Nghệ An", "Không xác định" )} -> Thành phố Hà Nội | AD22: =ROUND((D22/C22)*100, 2) & "%" -> 100% | AE22: 0db09cfe1eecbe899d5001951229a40c | AF22: =INT(E22) -> 45902 | AG22: =_xlfn.XLOOKUP(AE22, Dev!$A:$A, Dev!$B:$B, "") -> 45706.478 | AH22: =AF22-AG22 -> 195.52226
A23: 21 | B23: 237d3c222223be899d500199578fab83 | C23: 414000 | D23: 331200 | E23: 45916 | F23: 45916 | G23: Cty Cổ phần Phòng Khám Đa Khoa Y Sài Gòn | H23: viêm họng cấp | I23: SMART | J23: 45917.797 | K23: =MONTH(J23) -> 9 | L23: 2025 | M23: 2025 | N23: 2025 | O23: 2025 | P23: REIMBURSEMENT_CLAIM | Q23: API | R23: 45330 | S23: 1 | T23: CHILDREN | U23: FEMALE | V23: OUTPATIENT | W23: Viêm họng cấp | X23: Hô hấp | Y23: 0-17 | Z23: =IF(S23<=6,"0-6", IF(S23<=17,"7-17", IF(S23<=35,"18-35", IF(S23<=55,"36-55", "56+")))) -> 0-6 | AA23: 769306fa75c8be899d5001954b3db504 | AB23: 77 | AC23: {=_xlfn.SWITCH(AB23, 79,"Thành phố Hồ Chí Minh", 1,"Thành phố Hà Nội", 35,"Tỉnh Hà Nam", 31,"Thành phố Hải Phòng", 27,"Tỉnh Bắc Ninh", 77,"Tỉnh Bà Rịa - Vũng Tàu", 48,"Thành phố Đà Nẵng", 75,"Tỉnh Đồng Nai", 38,"Tỉnh Thanh Hoá", 82,"Tỉnh Tiền Giang", 74,"Tỉnh Bình Dương", 49,"Tỉnh Quảng Nam", 51,"Tỉnh Quảng Ngãi", 52,"Tỉnh Bình Định", 40,"Tỉnh Nghệ An", "Không xác định" )} -> Tỉnh Bà Rịa - Vũng Tàu | AD23: =ROUND((D23/C23)*100, 2) & "%" -> 80% | AE23: dffb6bf875c8be899d5001954b3db456 | AF23: =INT(E23) -> 45916 | AG23: =_xlfn.XLOOKUP(AE23, Dev!$A:$A, Dev!$B:$B, "") -> 45717.561 | AH23: =AF23-AG23 -> 198.43874
A24: 22 | B24: 4e48e2fd2223be899d50019955db8f9d | C24: 865000 | D24: 532000 | E24: 45911 | F24: 45911 | G24: KHÁC | H24: viêm mũi họng/ trào ngược dạ dày thực quản | I24: SMART | J24: 45917.473 | K24: =MONTH(J24) -> 9 | L24: 2025 | M24: 2025 | N24: 2025 | O24: 2025 | P24: REIMBURSEMENT_CLAIM | Q24: API | R24: 45454 | S24: 1 | T24: CHILDREN | U24: MALE | V24: OUTPATIENT | W24: Viêm mũi họng/ trào ngược dạ dày thực quản | X24: Hô hấp | Y24: 0-17 | Z24: =IF(S24<=6,"0-6", IF(S24<=17,"7-17", IF(S24<=35,"18-35", IF(S24<=55,"36-55", "56+")))) -> 0-6 | AA24: fb9ba0016fcbbe899d500195d178a84f | AB24: 1 | AC24: {=_xlfn.SWITCH(AB24, 79,"Thành phố Hồ Chí Minh", 1,"Thành phố Hà Nội", 35,"Tỉnh Hà Nam", 31,"Thành phố Hải Phòng", 27,"Tỉnh Bắc Ninh", 77,"Tỉnh Bà Rịa - Vũng Tàu", 48,"Thành phố Đà Nẵng", 75,"Tỉnh Đồng Nai", 38,"Tỉnh Thanh Hoá", 82,"Tỉnh Tiền Giang", 74,"Tỉnh Bình Dương", 49,"Tỉnh Quảng Nam", 51,"Tỉnh Quảng Ngãi", 52,"Tỉnh Bình Định", 40,"Tỉnh Nghệ An", "Không xác định" )} -> Thành phố Hà Nội | AD24: =ROUND((D24/C24)*100, 2) & "%" -> 61.5% | AE24: 550416ff6fcbbe899d500195d178a774 | AF24: =INT(E24) -> 45911 | AG24: =_xlfn.XLOOKUP(AE24, Dev!$A:$A, Dev!$B:$B, "") -> 45745.37 | AH24: =AF24-AG24 -> 165.62973
A25: 23 | B25: 0412eefd2223be899d50019955e0dd05 | C25: 824538 | D25: 824538 | E25: 45913 | G25: Bệnh viện Nhi Trung ương | H25: Viêm tai ngoài | I25: SMART | J25: 45917.472 | K25: =MONTH(J25) -> 9 | L25: 2025 | M25: 2025 | N25: 2025 | O25: 2025 | P25: REIMBURSEMENT_CLAIM | Q25: API | R25: 45713 | S25: 0 | T25: CHILDREN | U25: FEMALE | V25: INPATIENT | W25: Viêm tai ngoài | X25: Khác | Y25: 0-17 | Z25: =IF(S25<=6,"0-6", IF(S25<=17,"7-17", IF(S25<=35,"18-35", IF(S25<=55,"36-55", "56+")))) -> 0-6 | AA25: 2dd6adf86fcbbe899d500195dc559f2c | AB25: 1 | AC25: {=_xlfn.SWITCH(AB25, 79,"Thành phố Hồ Chí Minh", 1,"Thành phố Hà Nội", 35,"Tỉnh Hà Nam", 31,"Thành phố Hải Phòng", 27,"Tỉnh Bắc Ninh", 77,"Tỉnh Bà Rịa - Vũng Tàu", 48,"Thành phố Đà Nẵng", 75,"Tỉnh Đồng Nai", 38,"Tỉnh Thanh Hoá", 82,"Tỉnh Tiền Giang", 74,"Tỉnh Bình Dương", 49,"Tỉnh Quảng Nam", 51,"Tỉnh Quảng Ngãi", 52,"Tỉnh Bình Định", 40,"Tỉnh Nghệ An", "Không xác định" )} -> Thành phố Hà Nội | AD25: =ROUND((D25/C25)*100, 2) & "%" -> 100% | AE25: 864f03c66fcbbe899d500195dc559e7b | AF25: =INT(E25) -> 45913 | AG25: =_xlfn.XLOOKUP(AE25, Dev!$A:$A, Dev!$B:$B, "") -> 45745.736 | AH25: =AF25-AG25 -> 167.26437
A26: 24 | B26: 5c5c00f82223be899d50019955b58a86 | C26: 970700 | D26: 722000 | E26: 45917 | G26: Bệnh viện Nhi Trung ương - Trung tâm Quốc tế | H26: Viêm mũi họng - Viêm amidan mủ | I26: SMART | J26: 45917.442 | K26: =MONTH(J26) -> 9 | L26: 2025 | M26: 2025 | N26: 2025 | O26: 2025 | P26: REIMBURSEMENT_CLAIM | Q26: API | R26: 45266 | S26: 1 | T26: CHILDREN | U26: MALE | V26: OUTPATIENT | W26: Viêm mũi họng - viêm amidan mủ | X26: Hô hấp | Y26: 0-17 | Z26: =IF(S26<=6,"0-6", IF(S26<=17,"7-17", IF(S26<=35,"18-35", IF(S26<=55,"36-55", "56+")))) -> 0-6 | AA26: 1296ce307a1bbe899d50019734e1043b | AB26: 1 | AC26: {=_xlfn.SWITCH(AB26, 79,"Thành phố Hồ Chí Minh", 1,"Thành phố Hà Nội", 35,"Tỉnh Hà Nam", 31,"Thành phố Hải Phòng", 27,"Tỉnh Bắc Ninh", 77,"Tỉnh Bà Rịa - Vũng Tàu", 48,"Thành phố Đà Nẵng", 75,"Tỉnh Đồng Nai", 38,"Tỉnh Thanh Hoá", 82,"Tỉnh Tiền Giang", 74,"Tỉnh Bình Dương", 49,"Tỉnh Quảng Nam", 51,"Tỉnh Quảng Ngãi", 52,"Tỉnh Bình Định", 40,"Tỉnh Nghệ An", "Không xác định" )} -> Thành phố Hà Nội | AD26: =ROUND((D26/C26)*100, 2) & "%" -> 74.38% | AE26: 7bfe24fe7a1bbe899d50019734e1036c | AF26: =INT(E26) -> 45917 | AG26: =_xlfn.XLOOKUP(AE26, Dev!$A:$A, Dev!$B:$B, "") -> 45812.64 | AH26: =AF26-AG26 -> 104.36043
A27: 25 | B27: b9b3a1c62223be899d5001995593cdef | C27: 340360 | D27: 272287 | E27: 45910 | F27: 45910 | G27: Bệnh viện Đa khoa Tâm Anh Hồ Chí Minh | H27: Nhiễm trùng đường hô hấp trên cấp | I27: SMART | J27: 45917.413 | K27: =MONTH(J27) -> 9 | L27: 2025 | M27: 2025 | N27: 2025 | O27: 2025 | P27: REIMBURSEMENT_CLAIM | Q27: API | R27: 44634 | S27: 3 | T27: CHILDREN | U27: FEMALE | V27: OUTPATIENT | W27: Nhiễm trùng đường hô hấp trên cấp | X27: Hô hấp | Y27: 0-17 | Z27: =IF(S27<=6,"0-6", IF(S27<=17,"7-17", IF(S27<=35,"18-35", IF(S27<=55,"36-55", "56+")))) -> 0-6 | AA27: 389a40fa6fcbbe899d500195effc1e6e | AB27: 79 | AC27: {=_xlfn.SWITCH(AB27, 79,"Thành phố Hồ Chí Minh", 1,"Thành phố Hà Nội", 35,"Tỉnh Hà Nam", 31,"Thành phố Hải Phòng", 27,"Tỉnh Bắc Ninh", 77,"Tỉnh Bà Rịa - Vũng Tàu", 48,"Thành phố Đà Nẵng", 75,"Tỉnh Đồng Nai", 38,"Tỉnh Thanh Hoá", 82,"Tỉnh Tiền Giang", 74,"Tỉnh Bình Dương", 49,"Tỉnh Quảng Nam", 51,"Tỉnh Quảng Ngãi", 52,"Tỉnh Bình Định", 40,"Tỉnh Nghệ An", "Không xác định" )} -> Thành phố Hồ Chí Minh | AD27: =ROUND((D27/C27)*100, 2) & "%" -> 80% | AE27: 9103b5f96fcbbe899d500195effc1db7 | AF27: =INT(E27) -> 45910 | AG27: =_xlfn.XLOOKUP(AE27, Dev!$A:$A, Dev!$B:$B, "") -> 45749.551 | AH27: =AF27-AG27 -> 160.44865
A28: 26 | B28: 147855fc682bbe899d5001994cb5f12f | C28: 1044000 | D28: 193000 | E28: 45915 | F28: 45915 | G28: Khác | H28: Ban đỏ CTNN, TD tay chân miệng độ I | I28: SMART | J28: 45915.691 | K28: =MONTH(J28) -> 9 | L28: 2025 | M28: 2025 | N28: 2025 | O28: 2025 | P28: REIMBURSEMENT_CLAIM | Q28: API | R28: 45650 | S28: 0 | T28: CHILDREN | U28: MALE | V28: OUTPATIENT | W28: Ban đỏ ctnn, td tay chân miệng độ i | X28: Khác | Y28: 0-17 | Z28: =IF(S28<=6,"0-6", IF(S28<=17,"7-17", IF(S28<=35,"18-35", IF(S28<=55,"36-55", "56+")))) -> 0-6 | AA28: 82097e071eecbe899d500194f39980eb | AB28: 31 | AC28: {=_xlfn.SWITCH(AB28, 79,"Thành phố Hồ Chí Minh", 1,"Thành phố Hà Nội", 35,"Tỉnh Hà Nam", 31,"Thành phố Hải Phòng", 27,"Tỉnh Bắc Ninh", 77,"Tỉnh Bà Rịa - Vũng Tàu", 48,"Thành phố Đà Nẵng", 75,"Tỉnh Đồng Nai", 38,"Tỉnh Thanh Hoá", 82,"Tỉnh Tiền Giang", 74,"Tỉnh Bình Dương", 49,"Tỉnh Quảng Nam", 51,"Tỉnh Quảng Ngãi", 52,"Tỉnh Bình Định", 40,"Tỉnh Nghệ An", "Không xác định" )} -> Thành phố Hải Phòng | AD28: =ROUND((D28/C28)*100, 2) & "%" -> 18.49% | AE28: 373d21561eecbe899d500194f39980db | AF28: =INT(E28) -> 45915 | AG28: =_xlfn.XLOOKUP(AE28, Dev!$A:$A, Dev!$B:$B, "") -> 45700.543 | AH28: =AF28-AG28 -> 214.45703
A29: 27 | B29: 065b56841924be899d5001994775dc64 | C29: 783750 | D29: 783750 | E29: 45914 | G29: Bệnh viện Nhi Trung ương - Trung tâm Quốc tế | H29: Viêm phế quản cấp (Viêm mũi họng) | I29: SMART | J29: 45914.673 | K29: =MONTH(J29) -> 9 | L29: 2025 | M29: 2025 | N29: 2025 | O29: 2025 | P29: REIMBURSEMENT_CLAIM | Q29: API | R29: 45283 | S29: 1 | T29: CHILDREN | U29: MALE | V29: OUTPATIENT | W29: Viêm phế quản cấp (viêm mũi họng) | X29: Hô hấp | Y29: 0-17 | Z29: =IF(S29<=6,"0-6", IF(S29<=17,"7-17", IF(S29<=35,"18-35", IF(S29<=55,"36-55", "56+")))) -> 0-6 | AA29: 3ecf7efb75c8be899d5001956abd408b | AB29: 35 | AC29: {=_xlfn.SWITCH(AB29, 79,"Thành phố Hồ Chí Minh", 1,"Thành phố Hà Nội", 35,"Tỉnh Hà Nam", 31,"Thành phố Hải Phòng", 27,"Tỉnh Bắc Ninh", 77,"Tỉnh Bà Rịa - Vũng Tàu", 48,"Thành phố Đà Nẵng", 75,"Tỉnh Đồng Nai", 38,"Tỉnh Thanh Hoá", 82,"Tỉnh Tiền Giang", 74,"Tỉnh Bình Dương", 49,"Tỉnh Quảng Nam", 51,"Tỉnh Quảng Ngãi", 52,"Tỉnh Bình Định", 40,"Tỉnh Nghệ An", "Không xác định" )} -> Tỉnh Hà Nam | AD29: =ROUND((D29/C29)*100, 2) & "%" -> 100% | AE29: 9738e3f975c8be899d5001956abd3fd9 | AF29: =INT(E29) -> 45914 | AG29: =_xlfn.XLOOKUP(AE29, Dev!$A:$A, Dev!$B:$B, "") -> 45723.678 | AH29: =AF29-AG29 -> 190.32238
A30: 28 | B30: 03b844fa1924be899d500199462bba4b | C30: 550975 | D30: 550975 | E30: 45913 | F30: 45913 | G30: Bệnh viện Phụ sản - Nhi Đà Nẵng | H30: viêm ruột, viêm tai giữa | I30: SMART | J30: 45914.424 | K30: =MONTH(J30) -> 9 | L30: 2025 | M30: 2025 | N30: 2025 | O30: 2025 | P30: REIMBURSEMENT_CLAIM | Q30: API | R30: 45650 | S30: 0 | T30: CHILDREN | U30: FEMALE | V30: OUTPATIENT | W30: Viêm ruột, viêm tai giữa | X30: Tiêu hóa | Y30: 0-17 | Z30: =IF(S30<=6,"0-6", IF(S30<=17,"7-17", IF(S30<=35,"18-35", IF(S30<=55,"36-55", "56+")))) -> 0-6 | AA30: 3cce602175c8be899d5001954f974cbe | AB30: 48 | AC30: {=_xlfn.SWITCH(AB30, 79,"Thành phố Hồ Chí Minh", 1,"Thành phố Hà Nội", 35,"Tỉnh Hà Nam", 31,"Thành phố Hải Phòng", 27,"Tỉnh Bắc Ninh", 77,"Tỉnh Bà Rịa - Vũng Tàu", 48,"Thành phố Đà Nẵng", 75,"Tỉnh Đồng Nai", 38,"Tỉnh Thanh Hoá", 82,"Tỉnh Tiền Giang", 74,"Tỉnh Bình Dương", 49,"Tỉnh Quảng Nam", 51,"Tỉnh Quảng Ngãi", 52,"Tỉnh Bình Định", 40,"Tỉnh Nghệ An", "Không xác định" )} -> Thành phố Đà Nẵng | AD30: =ROUND((D30/C30)*100, 2) & "%" -> 100% | AE30: 9537d5ff75c8be899d5001954f974bf8 | AF30: =INT(E30) -> 45913 | AG30: =_xlfn.XLOOKUP(AE30, Dev!$A:$A, Dev!$B:$B, "") -> 45718.406 | AH30: =AF30-AG30 -> 194.59405
A31: 29 | B31: 04adb8fc604abe899d5001993cb21cfb | C31: 419471 | D31: 419471 | E31: 45905 | F31: 45905 | G31: Bệnh viện Nhi Đồng I | H31: Viêm mũi họng | I31: SMART | J31: 45912.581 | K31: =MONTH(J31) -> 9 | L31: 2025 | M31: 2025 | N31: 2025 | O31: 2025 | P31: REIMBURSEMENT_CLAIM | Q31: API | R31: 44269 | S31: 4 | T31: CHILDREN | U31: MALE | V31: OUTPATIENT | W31: Viêm mũi họng | X31: Hô hấp | Y31: 0-17 | Z31: =IF(S31<=6,"0-6", IF(S31<=17,"7-17", IF(S31<=35,"18-35", IF(S31<=55,"36-55", "56+")))) -> 0-6 | AA31: e7056dfc7b61be899d500195376d0bdf | AB31: 79 | AC31: {=_xlfn.SWITCH(AB31, 79,"Thành phố Hồ Chí Minh", 1,"Thành phố Hà Nội", 35,"Tỉnh Hà Nam", 31,"Thành phố Hải Phòng", 27,"Tỉnh Bắc Ninh", 77,"Tỉnh Bà Rịa - Vũng Tàu", 48,"Thành phố Đà Nẵng", 75,"Tỉnh Đồng Nai", 38,"Tỉnh Thanh Hoá", 82,"Tỉnh Tiền Giang", 74,"Tỉnh Bình Dương", 49,"Tỉnh Quảng Nam", 51,"Tỉnh Quảng Ngãi", 52,"Tỉnh Bình Định", 40,"Tỉnh Nghệ An", "Không xác định" )} -> Thành phố Hồ Chí Minh | AD31: =ROUND((D31/C31)*100, 2) & "%" -> 100% | AE31: 9c3910fb7b61be899d500195376d0bcd | AF31: =INT(E31) -> 45905 | AG31: =_xlfn.XLOOKUP(AE31, Dev!$A:$A, Dev!$B:$B, "") -> 45689 | AH31: =AF31-AG31 -> 216
A32: 30 | B32: 37b7fca3604abe899d5001993cad7cf3 | C32: 398499 | D32: 398499 | E32: 45903 | F32: 45903 | G32: Bệnh viện Nhi Đồng I | H32: Viêm mũi họng | I32: SMART | J32: 45912.578 | K32: =MONTH(J32) -> 9 | L32: 2025 | M32: 2025 | N32: 2025 | O32: 2025 | P32: REIMBURSEMENT_CLAIM | Q32: API | R32: 44269 | S32: 4 | T32: CHILDREN | U32: MALE | V32: OUTPATIENT | W32: Viêm mũi họng | X32: Hô hấp | Y32: 0-17 | Z32: =IF(S32<=6,"0-6", IF(S32<=17,"7-17", IF(S32<=35,"18-35", IF(S32<=55,"36-55", "56+")))) -> 0-6 | AA32: e7056dfc7b61be899d500195376d0bdf | AB32: 79 | AC32: {=_xlfn.SWITCH(AB32, 79,"Thành phố Hồ Chí Minh", 1,"Thành phố Hà Nội", 35,"Tỉnh Hà Nam", 31,"Thành phố Hải Phòng", 27,"Tỉnh Bắc Ninh", 77,"Tỉnh Bà Rịa - Vũng Tàu", 48,"Thành phố Đà Nẵng", 75,"Tỉnh Đồng Nai", 38,"Tỉnh Thanh Hoá", 82,"Tỉnh Tiền Giang", 74,"Tỉnh Bình Dương", 49,"Tỉnh Quảng Nam", 51,"Tỉnh Quảng Ngãi", 52,"Tỉnh Bình Định", 40,"Tỉnh Nghệ An", "Không xác định" )} -> Thành phố Hồ Chí Minh | AD32: =ROUND((D32/C32)*100, 2) & "%" -> 100% | AE32: 9c3910fb7b61be899d500195376d0bcd | AF32: =INT(E32) -> 45903 | AG32: =_xlfn.XLOOKUP(AE32, Dev!$A:$A, Dev!$B:$B, "") -> 45689 | AH32: =AF32-AG32 -> 214
A33: 31 | B33: feb6a9fe25aebe899d50019936e3017e | C33: 1919500 | D33: 715500 | E33: 45907 | F33: 45911 | G33: Bệnh viện Đa khoa Hồng Ngọc - Phúc Trường Minh | H33: K90.1 | I33: SMART | J33: 45911.451 | K33: =MONTH(J33) -> 9 | L33: 2025 | M33: 2025 | N33: 2025 | O33: 2025 | P33: REIMBURSEMENT_CLAIM | Q33: API | R33: 45619 | S33: 0 | T33: CHILDREN | U33: FEMALE | V33: OUTPATIENT | W33: K90.1 | X33: Khác | Y33: 0-17 | Z33: =IF(S33<=6,"0-6", IF(S33<=17,"7-17", IF(S33<=35,"18-35", IF(S33<=55,"36-55", "56+")))) -> 0-6 | AA33: 776ac0c37a13be899d5001948d5f03c1 | AB33: 1 | AC33: {=_xlfn.SWITCH(AB33, 79,"Thành phố Hồ Chí Minh", 1,"Thành phố Hà Nội", 35,"Tỉnh Hà Nam", 31,"Thành phố Hải Phòng", 27,"Tỉnh Bắc Ninh", 77,"Tỉnh Bà Rịa - Vũng Tàu", 48,"Thành phố Đà Nẵng", 75,"Tỉnh Đồng Nai", 38,"Tỉnh Thanh Hoá", 82,"Tỉnh Tiền Giang", 74,"Tỉnh Bình Dương", 49,"Tỉnh Quảng Nam", 51,"Tỉnh Quảng Ngãi", 52,"Tỉnh Bình Định", 40,"Tỉnh Nghệ An", "Không xác định" )} -> Thành phố Hà Nội | AD33: =ROUND((D33/C33)*100, 2) & "%" -> 37.28% | AE33: d0d236427a13be899d5001948d5f0310 | AF33: =INT(E33) -> 45907 | AG33: =_xlfn.XLOOKUP(AE33, Dev!$A:$A, Dev!$B:$B, "") -> 45680.692 | AH33: =AF33-AG33 -> 226.30782
A34: 32 | B34: b83724c71b9bbe899d5001992d5c9ba8 | C34: 172000 | D34: 137600 | E34: 45900 | F34: 45900 | G34: Hệ thống Phòng khám Nhi Đồng 315 - PK 16 | H34: Viêm mũi họng cấp bội nhiễm. Viêm mũi dị ứng | I34: SMART | J34: 45909.603 | K34: =MONTH(J34) -> 9 | L34: 2025 | M34: 2025 | N34: 2025 | O34: 2025 | P34: REIMBURSEMENT_CLAIM | Q34: API | R34: 44269 | S34: 4 | T34: CHILDREN | U34: MALE | V34: OUTPATIENT | W34: Viêm mũi họng cấp bội nhiễm. viêm mũi dị ứng | X34: Hô hấp | Y34: 0-17 | Z34: =IF(S34<=6,"0-6", IF(S34<=17,"7-17", IF(S34<=35,"18-35", IF(S34<=55,"36-55", "56+")))) -> 0-6 | AA34: e7056dfc7b61be899d500195376d0bdf | AB34: 79 | AC34: {=_xlfn.SWITCH(AB34, 79,"Thành phố Hồ Chí Minh", 1,"Thành phố Hà Nội", 35,"Tỉnh Hà Nam", 31,"Thành phố Hải Phòng", 27,"Tỉnh Bắc Ninh", 77,"Tỉnh Bà Rịa - Vũng Tàu", 48,"Thành phố Đà Nẵng", 75,"Tỉnh Đồng Nai", 38,"Tỉnh Thanh Hoá", 82,"Tỉnh Tiền Giang", 74,"Tỉnh Bình Dương", 49,"Tỉnh Quảng Nam", 51,"Tỉnh Quảng Ngãi", 52,"Tỉnh Bình Định", 40,"Tỉnh Nghệ An", "Không xác định" )} -> Thành phố Hồ Chí Minh | AD34: =ROUND((D34/C34)*100, 2) & "%" -> 80% | AE34: 9c3910fb7b61be899d500195376d0bcd | AF34: =INT(E34) -> 45900 | AG34: =_xlfn.XLOOKUP(AE34, Dev!$A:$A, Dev!$B:$B, "") -> 45689 | AH34: =AF34-AG34 -> 211
A35: 33 | B35: a11b54fe1b9bbe899d5001992d58140b | C35: 104000 | D35: 83200 | E35: 45898 | F35: 45898 | G35: Hệ thống Phòng khám Nhi Đồng 315 - PK 16 | H35: Viêm mũi họng cấp [cảm thường] bội nhiễm | I35: SMART | J35: 45909.6 | K35: =MONTH(J35) -> 9 | L35: 2025 | M35: 2025 | N35: 2025 | O35: 2025 | P35: REIMBURSEMENT_CLAIM | Q35: API | R35: 44269 | S35: 4 | T35: CHILDREN | U35: MALE | V35: OUTPATIENT | W35: Viêm mũi họng cấp [cảm thường] bội nhiễm | X35: Hô hấp | Y35: 0-17 | Z35: =IF(S35<=6,"0-6", IF(S35<=17,"7-17", IF(S35<=35,"18-35", IF(S35<=55,"36-55", "56+")))) -> 0-6 | AA35: e7056dfc7b61be899d500195376d0bdf | AB35: 79 | AC35: {=_xlfn.SWITCH(AB35, 79,"Thành phố Hồ Chí Minh", 1,"Thành phố Hà Nội", 35,"Tỉnh Hà Nam", 31,"Thành phố Hải Phòng", 27,"Tỉnh Bắc Ninh", 77,"Tỉnh Bà Rịa - Vũng Tàu", 48,"Thành phố Đà Nẵng", 75,"Tỉnh Đồng Nai", 38,"Tỉnh Thanh Hoá", 82,"Tỉnh Tiền Giang", 74,"Tỉnh Bình Dương", 49,"Tỉnh Quảng Nam", 51,"Tỉnh Quảng Ngãi", 52,"Tỉnh Bình Định", 40,"Tỉnh Nghệ An", "Không xác định" )} -> Thành phố Hồ Chí Minh | AD35: =ROUND((D35/C35)*100, 2) & "%" -> 80% | AE35: 9c3910fb7b61be899d500195376d0bcd | AF35: =INT(E35) -> 45898 | AG35: =_xlfn.XLOOKUP(AE35, Dev!$A:$A, Dev!$B:$B, "") -> 45689 | AH35: =AF35-AG35 -> 209
A36: 34 | B36: 23e907f91b9bbe899d5001992d543ff5 | C36: 72000 | D36: 25600 | E36: 45896 | F36: 45896 | G36: Hệ thống Phòng khám Nhi Đồng 315 - PK 16 | H36: Viêm mũi họng cấp [cảm thường] | I36: SMART | J36: 45909.597 | K36: =MONTH(J36) -> 9 | L36: 2025 | M36: 2025 | N36: 2025 | O36: 2025 | P36: REIMBURSEMENT_CLAIM | Q36: API | R36: 44269 | S36: 4 | T36: CHILDREN | U36: MALE | V36: OUTPATIENT | W36: Viêm mũi họng cấp [cảm thường] | X36: Hô hấp | Y36: 0-17 | Z36: =IF(S36<=6,"0-6", IF(S36<=17,"7-17", IF(S36<=35,"18-35", IF(S36<=55,"36-55", "56+")))) -> 0-6 | AA36: e7056dfc7b61be899d500195376d0bdf | AB36: 79 | AC36: {=_xlfn.SWITCH(AB36, 79,"Thành phố Hồ Chí Minh", 1,"Thành phố Hà Nội", 35,"Tỉnh Hà Nam", 31,"Thành phố Hải Phòng", 27,"Tỉnh Bắc Ninh", 77,"Tỉnh Bà Rịa - Vũng Tàu", 48,"Thành phố Đà Nẵng", 75,"Tỉnh Đồng Nai", 38,"Tỉnh Thanh Hoá", 82,"Tỉnh Tiền Giang", 74,"Tỉnh Bình Dương", 49,"Tỉnh Quảng Nam", 51,"Tỉnh Quảng Ngãi", 52,"Tỉnh Bình Định", 40,"Tỉnh Nghệ An", "Không xác định" )} -> Thành phố Hồ Chí Minh | AD36: =ROUND((D36/C36)*100, 2) & "%" -> 35.56% | AE36: 9c3910fb7b61be899d500195376d0bcd | AF36: =INT(E36) -> 45896 | AG36: =_xlfn.XLOOKUP(AE36, Dev!$A:$A, Dev!$B:$B, "") -> 45689 | AH36: =AF36-AG36 -> 207
A37: 35 | B37: 97f563131b9bbe899d5001992d50519e | C37: 288000 | D37: 206400 | E37: 45893 | F37: 45893 | G37: Hệ thống Phòng khám Nhi Đồng 315 - PK 16 | H37: Viêm mũi dị ứng | I37: SMART | J37: 45909.593 | K37: =MONTH(J37) -> 9 | L37: 2025 | M37: 2025 | N37: 2025 | O37: 2025 | P37: REIMBURSEMENT_CLAIM | Q37: API | R37: 44269 | S37: 4 | T37: CHILDREN | U37: MALE | V37: OUTPATIENT | W37: Viêm mũi dị ứng | X37: Hô hấp | Y37: 0-17 | Z37: =IF(S37<=6,"0-6", IF(S37<=17,"7-17", IF(S37<=35,"18-35", IF(S37<=55,"36-55", "56+")))) -> 0-6 | AA37: e7056dfc7b61be899d500195376d0bdf | AB37: 79 | AC37: {=_xlfn.SWITCH(AB37, 79,"Thành phố Hồ Chí Minh", 1,"Thành phố Hà Nội", 35,"Tỉnh Hà Nam", 31,"Thành phố Hải Phòng", 27,"Tỉnh Bắc Ninh", 77,"Tỉnh Bà Rịa - Vũng Tàu", 48,"Thành phố Đà Nẵng", 75,"Tỉnh Đồng Nai", 38,"Tỉnh Thanh Hoá", 82,"Tỉnh Tiền Giang", 74,"Tỉnh Bình Dương", 49,"Tỉnh Quảng Nam", 51,"Tỉnh Quảng Ngãi", 52,"Tỉnh Bình Định", 40,"Tỉnh Nghệ An", "Không xác định" )} -> Thành phố Hồ Chí Minh | AD37: =ROUND((D37/C37)*100, 2) & "%" -> 71.67% | AE37: 9c3910fb7b61be899d500195376d0bcd | AF37: =INT(E37) -> 45893 | AG37: =_xlfn.XLOOKUP(AE37, Dev!$A:$A, Dev!$B:$B, "") -> 45689 | AH37: =AF37-AG37 -> 204
A38: 36 | B38: 2107f5631b9bbe899d50019917fe611d | C38: 1634324 | D38: 578200 | E38: 45897 | G38: Bệnh Viện Nhi Đồng II | H38: viêm phế quản cấp | I38: SMART | J38: 45908.561 | K38: =MONTH(J38) -> 9 | L38: 2025 | M38: 2025 | N38: 2025 | O38: 2025 | P38: REIMBURSEMENT_CLAIM | Q38: API | R38: 45589 | S38: 0 | T38: CHILDREN | U38: MALE | V38: OUTPATIENT | W38: Viêm phế quản cấp | X38: Khác | Y38: 0-17 | Z38: =IF(S38<=6,"0-6", IF(S38<=17,"7-17", IF(S38<=35,"18-35", IF(S38<=55,"36-55", "56+")))) -> 0-6 | AA38: 8c81c1fd7a1bbe899d5001978716e584 | AB38: 79 | AC38: {=_xlfn.SWITCH(AB38, 79,"Thành phố Hồ Chí Minh", 1,"Thành phố Hà Nội", 35,"Tỉnh Hà Nam", 31,"Thành phố Hải Phòng", 27,"Tỉnh Bắc Ninh", 77,"Tỉnh Bà Rịa - Vũng Tàu", 48,"Thành phố Đà Nẵng", 75,"Tỉnh Đồng Nai", 38,"Tỉnh Thanh Hoá", 82,"Tỉnh Tiền Giang", 74,"Tỉnh Bình Dương", 49,"Tỉnh Quảng Nam", 51,"Tỉnh Quảng Ngãi", 52,"Tỉnh Bình Định", 40,"Tỉnh Nghệ An", "Không xác định" )} -> Thành phố Hồ Chí Minh | AD38: =ROUND((D38/C38)*100, 2) & "%" -> 35.38% | AE38: e5f927fb7a1bbe899d5001978716e4c5 | AF38: =INT(E38) -> 45897 | AG38: =_xlfn.XLOOKUP(AE38, Dev!$A:$A, Dev!$B:$B, "") -> 45829.619 | AH38: =AF38-AG38 -> 67.38059
A39: 37 | B39: 20f830e01b9bbe899d5001992791a907 | C39: 514000 | D39: 411200 | E39: 45908 | G39: Phòng khám Happy Baby Biên Hòa | H39: Viêm mũi họng do siêu vi | I39: SMART | J39: 45908.477 | K39: =MONTH(J39) -> 9 | L39: 2025 | M39: 2025 | N39: 2025 | O39: 2025 | P39: REIMBURSEMENT_CLAIM | Q39: API | R39: 45678 | S39: 0 | T39: CHILDREN | U39: MALE | V39: OUTPATIENT | W39: Viêm mũi họng do siêu vi | X39: Hô hấp | Y39: 0-17 | Z39: =IF(S39<=6,"0-6", IF(S39<=17,"7-17", IF(S39<=35,"18-35", IF(S39<=55,"36-55", "56+")))) -> 0-6 | AA39: 8a2131346fcbbe899d500195c2f674a2 | AB39: 75 | AC39: {=_xlfn.SWITCH(AB39, 79,"Thành phố Hồ Chí Minh", 1,"Thành phố Hà Nội", 35,"Tỉnh Hà Nam", 31,"Thành phố Hải Phòng", 27,"Tỉnh Bắc Ninh", 77,"Tỉnh Bà Rịa - Vũng Tàu", 48,"Thành phố Đà Nẵng", 75,"Tỉnh Đồng Nai", 38,"Tỉnh Thanh Hoá", 82,"Tỉnh Tiền Giang", 74,"Tỉnh Bình Dương", 49,"Tỉnh Quảng Nam", 51,"Tỉnh Quảng Ngãi", 52,"Tỉnh Bình Định", 40,"Tỉnh Nghệ An", "Không xác định" )} -> Tỉnh Đồng Nai | AD39: =ROUND((D39/C39)*100, 2) & "%" -> 80% | AE39: 3f55e3736fcbbe899d500195c2f67491 | AF39: =INT(E39) -> 45908 | AG39: =_xlfn.XLOOKUP(AE39, Dev!$A:$A, Dev!$B:$B, "") -> 45740.809 | AH39: =AF39-AG39 -> 167.19108
A40: 38 | B40: b927ec761b9bbe899d5001992786f2c8 | C40: 7029962 | D40: 6122514 | E40: 45899 | F40: 45905 | G40: Bệnh viện đa khoa Xanh Pôn | H40: Viêm họng cấp, viêm phổi | I40: SMART | J40: 45908.47 | K40: =MONTH(J40) -> 9 | L40: 2025 | M40: 2025 | N40: 2025 | O40: 2025 | P40: REIMBURSEMENT_CLAIM | Q40: API | R40: 45509 | S40: 1 | T40: CHILDREN | U40: MALE | V40: INPATIENT | W40: Viêm họng cấp, viêm phổi | X40: Hô hấp | Y40: 0-17 | Z40: =IF(S40<=6,"0-6", IF(S40<=17,"7-17", IF(S40<=35,"18-35", IF(S40<=55,"36-55", "56+")))) -> 0-6 | AA40: 2ffc5971401abe899d5001921ce3bde1 | AB40: 1 | AC40: {=_xlfn.SWITCH(AB40, 79,"Thành phố Hồ Chí Minh", 1,"Thành phố Hà Nội", 35,"Tỉnh Hà Nam", 31,"Thành phố Hải Phòng", 27,"Tỉnh Bắc Ninh", 77,"Tỉnh Bà Rịa - Vũng Tàu", 48,"Thành phố Đà Nẵng", 75,"Tỉnh Đồng Nai", 38,"Tỉnh Thanh Hoá", 82,"Tỉnh Tiền Giang", 74,"Tỉnh Bình Dương", 49,"Tỉnh Quảng Nam", 51,"Tỉnh Quảng Ngãi", 52,"Tỉnh Bình Định", 40,"Tỉnh Nghệ An", "Không xác định" )} -> Thành phố Hà Nội | AD40: =ROUND((D40/C40)*100, 2) & "%" -> 87.09% | AE40: 8865ceff401abe899d5001921ce3bd0e | AF40: =INT(E40) -> 45899 | AG40: =_xlfn.XLOOKUP(AE40, Dev!$A:$A, Dev!$B:$B, "") -> 45559.43 | AH40: =AF40-AG40 -> 339.57014
A41: 39 | B41: 458295fa1b9bbe899d50019927670eab | C41: 1141700 | D41: 412000 | E41: 45899 | F41: 45899 | G41: Bệnh viện Đại học Y Hà Nội | H41: Viêm họng cấp có mủ, viêm phế quản cấp | I41: SMART | J41: 45908.456 | K41: =MONTH(J41) -> 9 | L41: 2025 | M41: 2025 | N41: 2025 | O41: 2025 | P41: REIMBURSEMENT_CLAIM | Q41: API | R41: 45509 | S41: 1 | T41: CHILDREN | U41: MALE | V41: INPATIENT | W41: Viêm họng cấp có mủ, viêm phế quản cấp | X41: Hô hấp | Y41: 0-17 | Z41: =IF(S41<=6,"0-6", IF(S41<=17,"7-17", IF(S41<=35,"18-35", IF(S41<=55,"36-55", "56+")))) -> 0-6 | AA41: 2ffc5971401abe899d5001921ce3bde1 | AB41: 1 | AC41: {=_xlfn.SWITCH(AB41, 79,"Thành phố Hồ Chí Minh", 1,"Thành phố Hà Nội", 35,"Tỉnh Hà Nam", 31,"Thành phố Hải Phòng", 27,"Tỉnh Bắc Ninh", 77,"Tỉnh Bà Rịa - Vũng Tàu", 48,"Thành phố Đà Nẵng", 75,"Tỉnh Đồng Nai", 38,"Tỉnh Thanh Hoá", 82,"Tỉnh Tiền Giang", 74,"Tỉnh Bình Dương", 49,"Tỉnh Quảng Nam", 51,"Tỉnh Quảng Ngãi", 52,"Tỉnh Bình Định", 40,"Tỉnh Nghệ An", "Không xác định" )} -> Thành phố Hà Nội | AD41: =ROUND((D41/C41)*100, 2) & "%" -> 36.09% | AE41: 8865ceff401abe899d5001921ce3bd0e | AF41: =INT(E41) -> 45899 | AG41: =_xlfn.XLOOKUP(AE41, Dev!$A:$A, Dev!$B:$B, "") -> 45559.43 | AH41: =AF41-AG41 -> 339.57014
A42: 40 | B42: 00e2a3fc1b9bbe899d50019925338c5d | C42: 9217520 | D42: 6718016 | E42: 45894 | F42: 45899 | G42: BỆNH VIỆN ĐA KHOA QUỐC TẾ THIÊN ĐỨC | H42: Viêm mũi họng cấp, viêm amydan cấp mủ 2 bên | I42: SMART | J42: 45908.028 | K42: =MONTH(J42) -> 9 | L42: 2025 | M42: 2025 | N42: 2025 | O42: 2025 | P42: REIMBURSEMENT_CLAIM | Q42: API | R42: 45207 | S42: 2 | T42: CHILDREN | U42: MALE | V42: INPATIENT | W42: Viêm mũi họng cấp, viêm amydan cấp mủ 2 bên | X42: Hô hấp | Y42: 0-17 | Z42: =IF(S42<=6,"0-6", IF(S42<=17,"7-17", IF(S42<=35,"18-35", IF(S42<=55,"36-55", "56+")))) -> 0-6 | AA42: fc8982d77a1bbe899d50019755120dc2 | AB42: 1 | AC42: {=_xlfn.SWITCH(AB42, 79,"Thành phố Hồ Chí Minh", 1,"Thành phố Hà Nội", 35,"Tỉnh Hà Nam", 31,"Thành phố Hải Phòng", 27,"Tỉnh Bắc Ninh", 77,"Tỉnh Bà Rịa - Vũng Tàu", 48,"Thành phố Đà Nẵng", 75,"Tỉnh Đồng Nai", 38,"Tỉnh Thanh Hoá", 82,"Tỉnh Tiền Giang", 74,"Tỉnh Bình Dương", 49,"Tỉnh Quảng Nam", 51,"Tỉnh Quảng Ngãi", 52,"Tỉnh Bình Định", 40,"Tỉnh Nghệ An", "Không xác định" )} -> Thành phố Hà Nội | AD42: =ROUND((D42/C42)*100, 2) & "%" -> 72.88% | AE42: 56f1f7567a1bbe899d50019755120ce0 | AF42: =INT(E42) -> 45894 | AG42: =_xlfn.XLOOKUP(AE42, Dev!$A:$A, Dev!$B:$B, "") -> 45818.891 | AH42: =AF42-AG42 -> 75.109421
A43: 41 | B43: 3c01b7fe1b9bbe899d5001991f68e530 | C43: 829650 | D43: 568650 | E43: 45899 | F43: 45899 | G43: Bệnh viện Nhi Trung ương | H43: Viêm mũi họng cấp(cảm thường) | I43: SMART | J43: 45906.899 | K43: =MONTH(J43) -> 9 | L43: 2025 | M43: 2025 | N43: 2025 | O43: 2025 | P43: REIMBURSEMENT_CLAIM | Q43: API | R43: 45566 | S43: 1 | T43: CHILDREN | U43: MALE | V43: OUTPATIENT | W43: Viêm mũi họng cấp(cảm thường) | X43: Hô hấp | Y43: 0-17 | Z43: =IF(S43<=6,"0-6", IF(S43<=17,"7-17", IF(S43<=35,"18-35", IF(S43<=55,"36-55", "56+")))) -> 0-6 | AA43: 923e1995230dbe899d500193203e09a7 | AB43: 27 | AC43: {=_xlfn.SWITCH(AB43, 79,"Thành phố Hồ Chí Minh", 1,"Thành phố Hà Nội", 35,"Tỉnh Hà Nam", 31,"Thành phố Hải Phòng", 27,"Tỉnh Bắc Ninh", 77,"Tỉnh Bà Rịa - Vũng Tàu", 48,"Thành phố Đà Nẵng", 75,"Tỉnh Đồng Nai", 38,"Tỉnh Thanh Hoá", 82,"Tỉnh Tiền Giang", 74,"Tỉnh Bình Dương", 49,"Tỉnh Quảng Nam", 51,"Tỉnh Quảng Ngãi", 52,"Tỉnh Bình Định", 40,"Tỉnh Nghệ An", "Không xác định" )} -> Tỉnh Bắc Ninh | AD43: =ROUND((D43/C43)*100, 2) & "%" -> 68.54% | AE43: fb968e14230dbe899d500193203e08f6 | AF43: =INT(E43) -> 45899 | AG43: =_xlfn.XLOOKUP(AE43, Dev!$A:$A, Dev!$B:$B, "") -> 45609.791 | AH43: =AF43-AG43 -> 289.20882
A44: 42 | B44: 5ea1eb351b9bbe899d5001991ee58657 | C44: 1177288 | D44: 1051310 | E44: 45885 | F44: 45885 | G44: Bệnh viện Nhi Trung ương - Trung tâm Quốc tế | H44: viêm tiểu phế quản cấp | I44: SMART | J44: 45906.794 | K44: =MONTH(J44) -> 9 | L44: 2025 | M44: 2025 | N44: 2025 | O44: 2025 | P44: REIMBURSEMENT_CLAIM | Q44: API | R44: 45187 | S44: 2 | T44: CHILDREN | U44: MALE | V44: OUTPATIENT | W44: Viêm tiểu phế quản cấp | X44: Khác | Y44: 0-17 | Z44: =IF(S44<=6,"0-6", IF(S44<=17,"7-17", IF(S44<=35,"18-35", IF(S44<=55,"36-55", "56+")))) -> 0-6 | AA44: 0f6f0b43168ebe899d5001936118b993 | AB44: 1 | AC44: {=_xlfn.SWITCH(AB44, 79,"Thành phố Hồ Chí Minh", 1,"Thành phố Hà Nội", 35,"Tỉnh Hà Nam", 31,"Thành phố Hải Phòng", 27,"Tỉnh Bắc Ninh", 77,"Tỉnh Bà Rịa - Vũng Tàu", 48,"Thành phố Đà Nẵng", 75,"Tỉnh Đồng Nai", 38,"Tỉnh Thanh Hoá", 82,"Tỉnh Tiền Giang", 74,"Tỉnh Bình Dương", 49,"Tỉnh Quảng Nam", 51,"Tỉnh Quảng Ngãi", 52,"Tỉnh Bình Định", 40,"Tỉnh Nghệ An", "Không xác định" )} -> Thành phố Hà Nội | AD44: =ROUND((D44/C44)*100, 2) & "%" -> 89.3% | AE44: b3a3cd82168ebe899d5001936118b984 | AF44: =INT(E44) -> 45885 | AG44: =_xlfn.XLOOKUP(AE44, Dev!$A:$A, Dev!$B:$B, "") -> 45612 | AH44: =AF44-AG44 -> 273
A45: 43 | B45: 16e3afc01b9bbe899d5001991ed004b0 | C45: 1294440 | D45: 1200000 | E45: 45900 | F45: 45900 | G45: Bệnh viện Nhi Trung ương - Trung tâm Quốc tế | H45: viêm amyđan cấp | I45: SMART | J45: 45906.78 | K45: =MONTH(J45) -> 9 | L45: 2025 | M45: 2025 | N45: 2025 | O45: 2025 | P45: REIMBURSEMENT_CLAIM | Q45: API | R45: 45187 | S45: 2 | T45: CHILDREN | U45: FEMALE | V45: OUTPATIENT | W45: Viêm amyđan cấp | X45: Khác | Y45: 0-17 | Z45: =IF(S45<=6,"0-6", IF(S45<=17,"7-17", IF(S45<=35,"18-35", IF(S45<=55,"36-55", "56+")))) -> 0-6 | AA45: 88e3a3fc168ebe899d500193611f734e | AB45: 1 | AC45: {=_xlfn.SWITCH(AB45, 79,"Thành phố Hồ Chí Minh", 1,"Thành phố Hà Nội", 35,"Tỉnh Hà Nam", 31,"Thành phố Hải Phòng", 27,"Tỉnh Bắc Ninh", 77,"Tỉnh Bà Rịa - Vũng Tàu", 48,"Thành phố Đà Nẵng", 75,"Tỉnh Đồng Nai", 38,"Tỉnh Thanh Hoá", 82,"Tỉnh Tiền Giang", 74,"Tỉnh Bình Dương", 49,"Tỉnh Quảng Nam", 51,"Tỉnh Quảng Ngãi", 52,"Tỉnh Bình Định", 40,"Tỉnh Nghệ An", "Không xác định" )} -> Thành phố Hà Nội | AD45: =ROUND((D45/C45)*100, 2) & "%" -> 92.7% | AE45: 3d1856fb168ebe899d500193611f7340 | AF45: =INT(E45) -> 45900 | AG45: =_xlfn.XLOOKUP(AE45, Dev!$A:$A, Dev!$B:$B, "") -> 45612 | AH45: =AF45-AG45 -> 288
A46: 44 | B46: bbfad0fb1b9bbe899d5001991eacc78a | C46: 1062711 | D46: 740711 | E46: 45906 | G46: Bệnh viện Phụ sản - Nhi Đà Nẵng | H46: Nhiễm trùng đường hô hấp trên, viêm kết mạc | I46: SMART | J46: 45906.76 | K46: =MONTH(J46) -> 9 | L46: 2025 | M46: 2025 | N46: 2025 | O46: 2025 | P46: REIMBURSEMENT_CLAIM | Q46: API | R46: 45650 | S46: 0 | T46: CHILDREN | U46: FEMALE | V46: OUTPATIENT | W46: Nhiễm trùng đường hô hấp trên, viêm kết mạc | X46: Hô hấp | Y46: 0-17 | Z46: =IF(S46<=6,"0-6", IF(S46<=17,"7-17", IF(S46<=35,"18-35", IF(S46<=55,"36-55", "56+")))) -> 0-6 | AA46: 3cce602175c8be899d5001954f974cbe | AB46: 48 | AC46: {=_xlfn.SWITCH(AB46, 79,"Thành phố Hồ Chí Minh", 1,"Thành phố Hà Nội", 35,"Tỉnh Hà Nam", 31,"Thành phố Hải Phòng", 27,"Tỉnh Bắc Ninh", 77,"Tỉnh Bà Rịa - Vũng Tàu", 48,"Thành phố Đà Nẵng", 75,"Tỉnh Đồng Nai", 38,"Tỉnh Thanh Hoá", 82,"Tỉnh Tiền Giang", 74,"Tỉnh Bình Dương", 49,"Tỉnh Quảng Nam", 51,"Tỉnh Quảng Ngãi", 52,"Tỉnh Bình Định", 40,"Tỉnh Nghệ An", "Không xác định" )} -> Thành phố Đà Nẵng | AD46: =ROUND((D46/C46)*100, 2) & "%" -> 69.7% | AE46: 9537d5ff75c8be899d5001954f974bf8 | AF46: =INT(E46) -> 45906 | AG46: =_xlfn.XLOOKUP(AE46, Dev!$A:$A, Dev!$B:$B, "") -> 45718.406 | AH46: =AF46-AG46 -> 187.59405
A47: 45 | B47: 07c171371b9bbe899d5001991db588dc | C47: 447 | D47: 357993 | E47: 45906 | G47: Bệnh viện Đa khoa Tâm Anh Hồ Chí Minh | H47: Nhiễm trùng đường hô hấp trên cấp | I47: SMART | J47: 45906.569 | K47: =MONTH(J47) -> 9 | L47: 2025 | M47: 2025 | N47: 2025 | O47: 2025 | P47: REIMBURSEMENT_CLAIM | Q47: API | R47: 44634 | S47: 3 | T47: CHILDREN | U47: FEMALE | V47: OUTPATIENT | W47: Nhiễm trùng đường hô hấp trên cấp | X47: Hô hấp | Y47: 0-17 | Z47: =IF(S47<=6,"0-6", IF(S47<=17,"7-17", IF(S47<=35,"18-35", IF(S47<=55,"36-55", "56+")))) -> 0-6 | AA47: 389a40fa6fcbbe899d500195effc1e6e | AB47: 79 | AC47: {=_xlfn.SWITCH(AB47, 79,"Thành phố Hồ Chí Minh", 1,"Thành phố Hà Nội", 35,"Tỉnh Hà Nam", 31,"Thành phố Hải Phòng", 27,"Tỉnh Bắc Ninh", 77,"Tỉnh Bà Rịa - Vũng Tàu", 48,"Thành phố Đà Nẵng", 75,"Tỉnh Đồng Nai", 38,"Tỉnh Thanh Hoá", 82,"Tỉnh Tiền Giang", 74,"Tỉnh Bình Dương", 49,"Tỉnh Quảng Nam", 51,"Tỉnh Quảng Ngãi", 52,"Tỉnh Bình Định", 40,"Tỉnh Nghệ An", "Không xác định" )} -> Thành phố Hồ Chí Minh | AD47: =ROUND((D47/C47)*100, 2) & "%" -> 80087.92% | AE47: 9103b5f96fcbbe899d500195effc1db7 | AF47: =INT(E47) -> 45906 | AG47: =_xlfn.XLOOKUP(AE47, Dev!$A:$A, Dev!$B:$B, "") -> 45749.551 | AH47: =AF47-AG47 -> 156.44865
A48: 46 | B48: 180150731b9bbe899d5001990ecd2d32 | C48: 6016820 | D48: 1224889 | E48: 45891 | F48: 45896 | G48: Bệnh viện Đông Đô | H48: Thai 07 tuần 05 ngày doạ xảy/ Dị ứng chưa rõ nguyên nhân, polyp cổ tử cung | I48: SMART | J48: 45906.457 | K48: =MONTH(J48) -> 9 | L48: 2025 | M48: 2025 | N48: 2025 | O48: 2025 | P48: REIMBURSEMENT_CLAIM | Q48: API | R48: 32958 | S48: 35 | T48: SELF | U48: FEMALE | V48: INPATIENT | W48: Thai 07 tuần 05 ngày doạ xảy/ dị ứng chưa rõ nguyên nhân, polyp cổ tử cung | X48: Thai sản | Y48: 18-35 | Z48: =IF(S48<=6,"0-6", IF(S48<=17,"7-17", IF(S48<=35,"18-35", IF(S48<=55,"36-55", "56+")))) -> 18-35 | AA48: 8096c7f95696be899d500197e973ed1d | AB48: 1 | AC48: {=_xlfn.SWITCH(AB48, 79,"Thành phố Hồ Chí Minh", 1,"Thành phố Hà Nội", 35,"Tỉnh Hà Nam", 31,"Thành phố Hải Phòng", 27,"Tỉnh Bắc Ninh", 77,"Tỉnh Bà Rịa - Vũng Tàu", 48,"Thành phố Đà Nẵng", 75,"Tỉnh Đồng Nai", 38,"Tỉnh Thanh Hoá", 82,"Tỉnh Tiền Giang", 74,"Tỉnh Bình Dương", 49,"Tỉnh Quảng Nam", 51,"Tỉnh Quảng Ngãi", 52,"Tỉnh Bình Định", 40,"Tỉnh Nghệ An", "Không xác định" )} -> Thành phố Hà Nội | AD48: =ROUND((D48/C48)*100, 2) & "%" -> 20.36% | AE48: e9fe2df85696be899d500197e973ec64 | AF48: =INT(E48) -> 45891 | AG48: =_xlfn.XLOOKUP(AE48, Dev!$A:$A, Dev!$B:$B, "") -> 45848.389 | AH48: =AF48-AG48 -> 42.611215
A49: 47 | B49: 9612ec411b9bbe899d5001991a97dc02 | C49: 482700 | D49: 19434 | E49: 45904 | F49: 45904 | G49: KHÁC | H49: viêm tai giữa cấp mũ bên trái, chấm xuất huyết dưới da | I49: SMART | J49: 45905.959 | K49: =MONTH(J49) -> 9 | L49: 2025 | M49: 2025 | N49: 2025 | O49: 2025 | P49: REIMBURSEMENT_CLAIM | Q49: API | R49: 45609 | S49: 0 | T49: CHILDREN | U49: MALE | V49: OUTPATIENT | W49: Viêm tai giữa cấp mũ bên trái, chấm xuất huyết dưới da | X49: Da liễu | Y49: 0-17 | Z49: =IF(S49<=6,"0-6", IF(S49<=17,"7-17", IF(S49<=35,"18-35", IF(S49<=55,"36-55", "56+")))) -> 0-6 | AA49: 67c34f415c0fbe899d500195884b8613 | AB49: 75 | AC49: {=_xlfn.SWITCH(AB49, 79,"Thành phố Hồ Chí Minh", 1,"Thành phố Hà Nội", 35,"Tỉnh Hà Nam", 31,"Thành phố Hải Phòng", 27,"Tỉnh Bắc Ninh", 77,"Tỉnh Bà Rịa - Vũng Tàu", 48,"Thành phố Đà Nẵng", 75,"Tỉnh Đồng Nai", 38,"Tỉnh Thanh Hoá", 82,"Tỉnh Tiền Giang", 74,"Tỉnh Bình Dương", 49,"Tỉnh Quảng Nam", 51,"Tỉnh Quảng Ngãi", 52,"Tỉnh Bình Định", 40,"Tỉnh Nghệ An", "Không xác định" )} -> Tỉnh Đồng Nai | AD49: =ROUND((D49/C49)*100, 2) & "%" -> 4.03% | AE49: c03ca4ff5c0fbe899d500195884b852d | AF49: =INT(E49) -> 45904 | AG49: =_xlfn.XLOOKUP(AE49, Dev!$A:$A, Dev!$B:$B, "") -> 45729.417 | AH49: =AF49-AG49 -> 174.58323
A50: 48 | B50: 11c656ff1b9bbe899d50019919d5dfba | C50: 374170 | D50: 299336 | E50: 45900 | F50: 45900 | G50: Bệnh viện Hoàn Mỹ Sài Gòn Premier | H50: Viêm amydan cấp | I50: SMART | J50: 45905.81 | K50: =MONTH(J50) -> 9 | L50: 2025 | M50: 2025 | N50: 2025 | O50: 2025 | P50: REIMBURSEMENT_CLAIM | Q50: API | R50: 44833 | S50: 3 | T50: CHILDREN | U50: MALE | V50: OUTPATIENT | W50: Viêm amydan cấp | X50: Khác | Y50: 0-17 | Z50: =IF(S50<=6,"0-6", IF(S50<=17,"7-17", IF(S50<=35,"18-35", IF(S50<=55,"36-55", "56+")))) -> 0-6 | AA50: 20abfffc49d9be899d500193f6e88743 | AB50: 79 | AC50: {=_xlfn.SWITCH(AB50, 79,"Thành phố Hồ Chí Minh", 1,"Thành phố Hà Nội", 35,"Tỉnh Hà Nam", 31,"Thành phố Hải Phòng", 27,"Tỉnh Bắc Ninh", 77,"Tỉnh Bà Rịa - Vũng Tàu", 48,"Thành phố Đà Nẵng", 75,"Tỉnh Đồng Nai", 38,"Tỉnh Thanh Hoá", 82,"Tỉnh Tiền Giang", 74,"Tỉnh Bình Dương", 49,"Tỉnh Quảng Nam", 51,"Tỉnh Quảng Ngãi", 52,"Tỉnh Bình Định", 40,"Tỉnh Nghệ An", "Không xác định" )} -> Thành phố Hồ Chí Minh | AD50: =ROUND((D50/C50)*100, 2) & "%" -> 80% | AE50: d4dfa2fb49d9be899d500193f6e88734 | AF50: =INT(E50) -> 45900 | AG50: =_xlfn.XLOOKUP(AE50, Dev!$A:$A, Dev!$B:$B, "") -> 45649 | AH50: =AF50-AG50 -> 251
A51: 49 | B51: 678a13671b9bbe899d50019919cabed3 | C51: 2029513 | D51: 640000 | E51: 45897 | F51: 45897 | G51: Bệnh viện Hoàn Mỹ Sài Gòn Premier | H51: Sốt, nhiễm trùng hô hấp trên | I51: SMART | J51: 45905.804 | K51: =MONTH(J51) -> 9 | L51: 2025 | M51: 2025 | N51: 2025 | O51: 2025 | P51: REIMBURSEMENT_CLAIM | Q51: API | R51: 44833 | S51: 3 | T51: CHILDREN | U51: MALE | V51: OUTPATIENT | W51: Sốt, nhiễm trùng hô hấp trên | X51: Hô hấp | Y51: 0-17 | Z51: =IF(S51<=6,"0-6", IF(S51<=17,"7-17", IF(S51<=35,"18-35", IF(S51<=55,"36-55", "56+")))) -> 0-6 | AA51: 20abfffc49d9be899d500193f6e88743 | AB51: 79 | AC51: {=_xlfn.SWITCH(AB51, 79,"Thành phố Hồ Chí Minh", 1,"Thành phố Hà Nội", 35,"Tỉnh Hà Nam", 31,"Thành phố Hải Phòng", 27,"Tỉnh Bắc Ninh", 77,"Tỉnh Bà Rịa - Vũng Tàu", 48,"Thành phố Đà Nẵng", 75,"Tỉnh Đồng Nai", 38,"Tỉnh Thanh Hoá", 82,"Tỉnh Tiền Giang", 74,"Tỉnh Bình Dương", 49,"Tỉnh Quảng Nam", 51,"Tỉnh Quảng Ngãi", 52,"Tỉnh Bình Định", 40,"Tỉnh Nghệ An", "Không xác định" )} -> Thành phố Hồ Chí Minh | AD51: =ROUND((D51/C51)*100, 2) & "%" -> 31.53% | AE51: d4dfa2fb49d9be899d500193f6e88734 | AF51: =INT(E51) -> 45897 | AG51: =_xlfn.XLOOKUP(AE51, Dev!$A:$A, Dev!$B:$B, "") -> 45649 | AH51: =AF51-AG51 -> 248
A52: 50 | B52: fe7addf91b9bbe899d500199195ee09c | C52: 411900 | D52: 329520 | E52: 45893 | F52: 45893 | G52: Bệnh viện Hoàn Mỹ Sài Gòn Premier | H52: Viêm amydan | I52: SMART | J52: 45905.722 | K52: =MONTH(J52) -> 9 | L52: 2025 | M52: 2025 | N52: 2025 | O52: 2025 | P52: REIMBURSEMENT_CLAIM | Q52: API | R52: 44833 | S52: 3 | T52: CHILDREN | U52: MALE | V52: OUTPATIENT | W52: Viêm amydan | X52: Khác | Y52: 0-17 | Z52: =IF(S52<=6,"0-6", IF(S52<=17,"7-17", IF(S52<=35,"18-35", IF(S52<=55,"36-55", "56+")))) -> 0-6 | AA52: 20abfffc49d9be899d500193f6e88743 | AB52: 79 | AC52: {=_xlfn.SWITCH(AB52, 79,"Thành phố Hồ Chí Minh", 1,"Thành phố Hà Nội", 35,"Tỉnh Hà Nam", 31,"Thành phố Hải Phòng", 27,"Tỉnh Bắc Ninh", 77,"Tỉnh Bà Rịa - Vũng Tàu", 48,"Thành phố Đà Nẵng", 75,"Tỉnh Đồng Nai", 38,"Tỉnh Thanh Hoá", 82,"Tỉnh Tiền Giang", 74,"Tỉnh Bình Dương", 49,"Tỉnh Quảng Nam", 51,"Tỉnh Quảng Ngãi", 52,"Tỉnh Bình Định", 40,"Tỉnh Nghệ An", "Không xác định" )} -> Thành phố Hồ Chí Minh | AD52: =ROUND((D52/C52)*100, 2) & "%" -> 80% | AE52: d4dfa2fb49d9be899d500193f6e88734 | AF52: =INT(E52) -> 45893 | AG52: =_xlfn.XLOOKUP(AE52, Dev!$A:$A, Dev!$B:$B, "") -> 45649 | AH52: =AF52-AG52 -> 244
A53: 51 | B53: 9c82c0ff1b9bbe899d500199195b9668 | C53: 346440 | D53: 277152 | E53: 45878 | F53: 45878 | G53: Bệnh viện Hoàn Mỹ Sài Gòn Premier | H53: Viêm phế quản cấp + Thở khò khè | I53: SMART | J53: 45905.718 | K53: =MONTH(J53) -> 9 | L53: 2025 | M53: 2025 | N53: 2025 | O53: 2025 | P53: REIMBURSEMENT_CLAIM | Q53: API | R53: 44833 | S53: 3 | T53: CHILDREN | U53: MALE | V53: OUTPATIENT | W53: Viêm phế quản cấp + thở khò khè | X53: Khác | Y53: 0-17 | Z53: =IF(S53<=6,"0-6", IF(S53<=17,"7-17", IF(S53<=35,"18-35", IF(S53<=55,"36-55", "56+")))) -> 0-6 | AA53: 20abfffc49d9be899d500193f6e88743 | AB53: 79 | AC53: {=_xlfn.SWITCH(AB53, 79,"Thành phố Hồ Chí Minh", 1,"Thành phố Hà Nội", 35,"Tỉnh Hà Nam", 31,"Thành phố Hải Phòng", 27,"Tỉnh Bắc Ninh", 77,"Tỉnh Bà Rịa - Vũng Tàu", 48,"Thành phố Đà Nẵng", 75,"Tỉnh Đồng Nai", 38,"Tỉnh Thanh Hoá", 82,"Tỉnh Tiền Giang", 74,"Tỉnh Bình Dương", 49,"Tỉnh Quảng Nam", 51,"Tỉnh Quảng Ngãi", 52,"Tỉnh Bình Định", 40,"Tỉnh Nghệ An", "Không xác định" )} -> Thành phố Hồ Chí Minh | AD53: =ROUND((D53/C53)*100, 2) & "%" -> 80% | AE53: d4dfa2fb49d9be899d500193f6e88734 | AF53: =INT(E53) -> 45878 | AG53: =_xlfn.XLOOKUP(AE53, Dev!$A:$A, Dev!$B:$B, "") -> 45649 | AH53: =AF53-AG53 -> 229
A54: 52 | B54: a038b7fe1b9bbe899d50019918bc6057 | C54: 912097 | D54: 650810 | E54: 45884 | F54: 45884 | G54: Bệnh viện Nhi Trung ương | H54: Viêm mũi họng cấp | I54: SMART | J54: 45905.6 | K54: =MONTH(J54) -> 9 | L54: 2025 | M54: 2025 | N54: 2025 | O54: 2025 | P54: REIMBURSEMENT_CLAIM | Q54: API | R54: 45676 | S54: 0 | T54: CHILDREN | U54: FEMALE | V54: OUTPATIENT | W54: Viêm mũi họng cấp | X54: Hô hấp | Y54: 0-17 | Z54: =IF(S54<=6,"0-6", IF(S54<=17,"7-17", IF(S54<=35,"18-35", IF(S54<=55,"36-55", "56+")))) -> 0-6 | AA54: 4d63b7676fcbbe899d50019639b8383e | AB54: 1 | AC54: {=_xlfn.SWITCH(AB54, 79,"Thành phố Hồ Chí Minh", 1,"Thành phố Hà Nội", 35,"Tỉnh Hà Nam", 31,"Thành phố Hải Phòng", 27,"Tỉnh Bắc Ninh", 77,"Tỉnh Bà Rịa - Vũng Tàu", 48,"Thành phố Đà Nẵng", 75,"Tỉnh Đồng Nai", 38,"Tỉnh Thanh Hoá", 82,"Tỉnh Tiền Giang", 74,"Tỉnh Bình Dương", 49,"Tỉnh Quảng Nam", 51,"Tỉnh Quảng Ngãi", 52,"Tỉnh Bình Định", 40,"Tỉnh Nghệ An", "Không xác định" )} -> Thành phố Hà Nội | AD54: =ROUND((D54/C54)*100, 2) & "%" -> 71.35% | AE54: f1a76aa66fcbbe899d50019639b83821 | AF54: =INT(E54) -> 45884 | AG54: =_xlfn.XLOOKUP(AE54, Dev!$A:$A, Dev!$B:$B, "") -> 45763.869 | AH54: =AF54-AG54 -> 120.13076
A55: 53 | B55: 591e67f81b9bbe899d5001991860528d | C55: 77300 | D55: 45000 | E55: 45880 | F55: 45880 | G55: Bệnh viện Quận Tân Phú | H55: tay chân miệng | I55: SMART | J55: 45905.528 | K55: =MONTH(J55) -> 9 | L55: 2025 | M55: 2025 | N55: 2025 | O55: 2025 | P55: REIMBURSEMENT_CLAIM | Q55: API | R55: 45090 | S55: 2 | T55: CHILDREN | U55: FEMALE | V55: OUTPATIENT | W55: Tay chân miệng | X55: Khác | Y55: 0-17 | Z55: =IF(S55<=6,"0-6", IF(S55<=17,"7-17", IF(S55<=35,"18-35", IF(S55<=55,"36-55", "56+")))) -> 0-6 | AA55: 4669c6f00b6dbe899d50019275362a80 | AB55: 79 | AC55: {=_xlfn.SWITCH(AB55, 79,"Thành phố Hồ Chí Minh", 1,"Thành phố Hà Nội", 35,"Tỉnh Hà Nam", 31,"Thành phố Hải Phòng", 27,"Tỉnh Bắc Ninh", 77,"Tỉnh Bà Rịa - Vũng Tàu", 48,"Thành phố Đà Nẵng", 75,"Tỉnh Đồng Nai", 38,"Tỉnh Thanh Hoá", 82,"Tỉnh Tiền Giang", 74,"Tỉnh Bình Dương", 49,"Tỉnh Quảng Nam", 51,"Tỉnh Quảng Ngãi", 52,"Tỉnh Bình Định", 40,"Tỉnh Nghệ An", "Không xác định" )} -> Thành phố Hồ Chí Minh | AD55: =ROUND((D55/C55)*100, 2) & "%" -> 58.21% | AE55: fa9d79300b6dbe899d50019275362a72 | AF55: =INT(E55) -> 45880 | AG55: =_xlfn.XLOOKUP(AE55, Dev!$A:$A, Dev!$B:$B, "") -> 45576.58 | AH55: =AF55-AG55 -> 303.4197
A56: 54 | B56: 980130741b9bbe899d500199185cfbb7 | C56: 439990 | D56: 345939 | E56: 45879 | F56: 45879 | G56: Bệnh viện Quận Tân Phú | H56: tay chân miệng | I56: SMART | J56: 45905.525 | K56: =MONTH(J56) -> 9 | L56: 2025 | M56: 2025 | N56: 2025 | O56: 2025 | P56: REIMBURSEMENT_CLAIM | Q56: API | R56: 45090 | S56: 2 | T56: CHILDREN | U56: FEMALE | V56: OUTPATIENT | W56: Tay chân miệng | X56: Khác | Y56: 0-17 | Z56: =IF(S56<=6,"0-6", IF(S56<=17,"7-17", IF(S56<=35,"18-35", IF(S56<=55,"36-55", "56+")))) -> 0-6 | AA56: 4669c6f00b6dbe899d50019275362a80 | AB56: 79 | AC56: {=_xlfn.SWITCH(AB56, 79,"Thành phố Hồ Chí Minh", 1,"Thành phố Hà Nội", 35,"Tỉnh Hà Nam", 31,"Thành phố Hải Phòng", 27,"Tỉnh Bắc Ninh", 77,"Tỉnh Bà Rịa - Vũng Tàu", 48,"Thành phố Đà Nẵng", 75,"Tỉnh Đồng Nai", 38,"Tỉnh Thanh Hoá", 82,"Tỉnh Tiền Giang", 74,"Tỉnh Bình Dương", 49,"Tỉnh Quảng Nam", 51,"Tỉnh Quảng Ngãi", 52,"Tỉnh Bình Định", 40,"Tỉnh Nghệ An", "Không xác định" )} -> Thành phố Hồ Chí Minh | AD56: =ROUND((D56/C56)*100, 2) & "%" -> 78.62% | AE56: fa9d79300b6dbe899d50019275362a72 | AF56: =INT(E56) -> 45879 | AG56: =_xlfn.XLOOKUP(AE56, Dev!$A:$A, Dev!$B:$B, "") -> 45576.58 | AH56: =AF56-AG56 -> 302.4197
A57: 55 | B57: 18700bd61b9bbe899d50019917f35bca | C57: 5883000 | D57: 5150021 | E57: 45894 | F57: 45901 | G57: Bệnh viện đa khoa Xanh Pôn | H57: Viêm phổi | I57: SMART | J57: 45905.446 | K57: =MONTH(J57) -> 9 | L57: 2025 | M57: 2025 | N57: 2025 | O57: 2025 | P57: REIMBURSEMENT_CLAIM | Q57: API | R57: 45632 | S57: 0 | T57: CHILDREN | U57: FEMALE | V57: INPATIENT | W57: Viêm phổi | X57: Hô hấp | Y57: 0-17 | Z57: =IF(S57<=6,"0-6", IF(S57<=17,"7-17", IF(S57<=35,"18-35", IF(S57<=55,"36-55", "56+")))) -> 0-6 | AA57: 81e68b947b61be899d50019535db761f | AB57: 1 | AC57: {=_xlfn.SWITCH(AB57, 79,"Thành phố Hồ Chí Minh", 1,"Thành phố Hà Nội", 35,"Tỉnh Hà Nam", 31,"Thành phố Hải Phòng", 27,"Tỉnh Bắc Ninh", 77,"Tỉnh Bà Rịa - Vũng Tàu", 48,"Thành phố Đà Nẵng", 75,"Tỉnh Đồng Nai", 38,"Tỉnh Thanh Hoá", 82,"Tỉnh Tiền Giang", 74,"Tỉnh Bình Dương", 49,"Tỉnh Quảng Nam", 51,"Tỉnh Quảng Ngãi", 52,"Tỉnh Bình Định", 40,"Tỉnh Nghệ An", "Không xác định" )} -> Thành phố Hà Nội | AD57: =ROUND((D57/C57)*100, 2) & "%" -> 87.54% | AE57: ea4fe0237b61be899d50019535db7570 | AF57: =INT(E57) -> 45894 | AG57: =_xlfn.XLOOKUP(AE57, Dev!$A:$A, Dev!$B:$B, "") -> 45713.409 | AH57: =AF57-AG57 -> 180.59105
A58: 56 | B58: 1352d7041b9bbe899d500199153c7d5b | C58: 506104 | D58: 449560 | E58: 45903 | F58: 45903 | G58: Bệnh Viện Nhi Đồng II | H58: khó tiêu chức năng | I58: SMART | J58: 45904.919 | K58: =MONTH(J58) -> 9 | L58: 2025 | M58: 2025 | N58: 2025 | O58: 2025 | P58: REIMBURSEMENT_CLAIM | Q58: API | R58: 45609 | S58: 0 | T58: CHILDREN | U58: MALE | V58: OUTPATIENT | W58: Khó tiêu chức năng | X58: Tiêu hóa | Y58: 0-17 | Z58: =IF(S58<=6,"0-6", IF(S58<=17,"7-17", IF(S58<=35,"18-35", IF(S58<=55,"36-55", "56+")))) -> 0-6 | AA58: 67c34f415c0fbe899d500195884b8613 | AB58: 75 | AC58: {=_xlfn.SWITCH(AB58, 79,"Thành phố Hồ Chí Minh", 1,"Thành phố Hà Nội", 35,"Tỉnh Hà Nam", 31,"Thành phố Hải Phòng", 27,"Tỉnh Bắc Ninh", 77,"Tỉnh Bà Rịa - Vũng Tàu", 48,"Thành phố Đà Nẵng", 75,"Tỉnh Đồng Nai", 38,"Tỉnh Thanh Hoá", 82,"Tỉnh Tiền Giang", 74,"Tỉnh Bình Dương", 49,"Tỉnh Quảng Nam", 51,"Tỉnh Quảng Ngãi", 52,"Tỉnh Bình Định", 40,"Tỉnh Nghệ An", "Không xác định" )} -> Tỉnh Đồng Nai | AD58: =ROUND((D58/C58)*100, 2) & "%" -> 88.83% | AE58: c03ca4ff5c0fbe899d500195884b852d | AF58: =INT(E58) -> 45903 | AG58: =_xlfn.XLOOKUP(AE58, Dev!$A:$A, Dev!$B:$B, "") -> 45729.417 | AH58: =AF58-AG58 -> 173.58323
A59: 57 | B59: 23b283fa1b9bbe899d50019915373a78 | C59: 400000 | D59: 320000 | E59: 45894 | F59: 45894 | G59: KHÁC | H59: tay chân miệng độ IIa, ngày 2 | I59: SMART | J59: 45904.915 | K59: =MONTH(J59) -> 9 | L59: 2025 | M59: 2025 | N59: 2025 | O59: 2025 | P59: REIMBURSEMENT_CLAIM | Q59: API | R59: 45609 | S59: 0 | T59: CHILDREN | U59: MALE | V59: OUTPATIENT | W59: Tay chân miệng độ iia, ngày 2 | X59: Khác | Y59: 0-17 | Z59: =IF(S59<=6,"0-6", IF(S59<=17,"7-17", IF(S59<=35,"18-35", IF(S59<=55,"36-55", "56+")))) -> 0-6 | AA59: 67c34f415c0fbe899d500195884b8613 | AB59: 75 | AC59: {=_xlfn.SWITCH(AB59, 79,"Thành phố Hồ Chí Minh", 1,"Thành phố Hà Nội", 35,"Tỉnh Hà Nam", 31,"Thành phố Hải Phòng", 27,"Tỉnh Bắc Ninh", 77,"Tỉnh Bà Rịa - Vũng Tàu", 48,"Thành phố Đà Nẵng", 75,"Tỉnh Đồng Nai", 38,"Tỉnh Thanh Hoá", 82,"Tỉnh Tiền Giang", 74,"Tỉnh Bình Dương", 49,"Tỉnh Quảng Nam", 51,"Tỉnh Quảng Ngãi", 52,"Tỉnh Bình Định", 40,"Tỉnh Nghệ An", "Không xác định" )} -> Tỉnh Đồng Nai | AD59: =ROUND((D59/C59)*100, 2) & "%" -> 80% | AE59: c03ca4ff5c0fbe899d500195884b852d | AF59: =INT(E59) -> 45894 | AG59: =_xlfn.XLOOKUP(AE59, Dev!$A:$A, Dev!$B:$B, "") -> 45729.417 | AH59: =AF59-AG59 -> 164.58323
... A63: 61 | B63: 11a5c9331b9bbe899d500198f3bbbfe5 | C63: 8318000 | D63: 7212195 | E63: 45852 | F63: 45855 | G63: Bệnh viện Nhi Trung ương | H63: Covid-19, xác định có virus | I63: SMART | J63: 45903.356 | K63: =MONTH(J63) -> 9 | L63: 2025 | M63: 2025 | N63: 2025 | O63: 2025 | P63: REIMBURSEMENT_CLAIM | Q63: API | R63: 45669 | S63: 0 | T63: CHILDREN | U63: FEMALE | V63: INPATIENT | W63: Covid-19, xác định có virus | X63: Hô hấp | Y63: 0-17 | Z63: =IF(S63<=6,"0-6", IF(S63<=17,"7-17", IF(S63<=35,"18-35", IF(S63<=55,"36-55", "56+")))) -> 0-6 | AA63: 39a0e8937b61be899d500195426b8fd0 | AB63: 1 | AC63: {=_xlfn.SWITCH(AB63, 79,"Thành phố Hồ Chí Minh", 1,"Thành phố Hà Nội", 35,"Tỉnh Hà Nam", 31,"Thành phố Hải Phòng", 27,"Tỉnh Bắc Ninh", 77,"Tỉnh Bà Rịa - Vũng Tàu", 48,"Thành phố Đà Nẵng", 75,"Tỉnh Đồng Nai", 38,"Tỉnh Thanh Hoá", 82,"Tỉnh Tiền Giang", 74,"Tỉnh Bình Dương", 49,"Tỉnh Quảng Nam", 51,"Tỉnh Quảng Ngãi", 52,"Tỉnh Bình Định", 40,"Tỉnh Nghệ An", "Không xác định" )} -> Thành phố Hà Nội | AD63: =ROUND((D63/C63)*100, 2) & "%" -> 86.71% | AE63: 92194e127b61be899d500195426b8f1b | AF63: =INT(E63) -> 45852 | AG63: =_xlfn.XLOOKUP(AE63, Dev!$A:$A, Dev!$B:$B, "") -> 45715.848 | AH63: =AF63-AG63 -> 136.15159
A64: 62 | B64: f2f9a3fe1b9bbe899d5001990416790f | C64: 331000 | D64: 331221 | E64: 45901 | G64: Bệnh viện Phụ sản - Nhi Đà Nẵng | H64: viêm hô hấp trên, viêm kết mạc | I64: SMART | J64: 45901.594 | K64: =MONTH(J64) -> 9 | L64: 2025 | M64: 2025 | N64: 2025 | O64: 2025 | P64: REIMBURSEMENT_CLAIM | Q64: API | R64: 45650 | S64: 0 | T64: CHILDREN | U64: FEMALE | V64: OUTPATIENT | W64: Viêm hô hấp trên, viêm kết mạc | X64: Hô hấp | Y64: 0-17 | Z64: =IF(S64<=6,"0-6", IF(S64<=17,"7-17", IF(S64<=35,"18-35", IF(S64<=55,"36-55", "56+")))) -> 0-6 | AA64: 3cce602175c8be899d5001954f974cbe | AB64: 48 | AC64: {=_xlfn.SWITCH(AB64, 79,"Thành phố Hồ Chí Minh", 1,"Thành phố Hà Nội", 35,"Tỉnh Hà Nam", 31,"Thành phố Hải Phòng", 27,"Tỉnh Bắc Ninh", 77,"Tỉnh Bà Rịa - Vũng Tàu", 48,"Thành phố Đà Nẵng", 75,"Tỉnh Đồng Nai", 38,"Tỉnh Thanh Hoá", 82,"Tỉnh Tiền Giang", 74,"Tỉnh Bình Dương", 49,"Tỉnh Quảng Nam", 51,"Tỉnh Quảng Ngãi", 52,"Tỉnh Bình Định", 40,"Tỉnh Nghệ An", "Không xác định" )} -> Thành phố Đà Nẵng | AD64: =ROUND((D64/C64)*100, 2) & "%" -> 100.07% | AE64: 9537d5ff75c8be899d5001954f974bf8 | AF64: =INT(E64) -> 45901 | AG64: =_xlfn.XLOOKUP(AE64, Dev!$A:$A, Dev!$B:$B, "") -> 45718.406 | AH64: =AF64-AG64 -> 182.59405
A65: 63 | B65: 22a6ea441b9bbe899d500198f6006d4f | C65: 3235000 | D65: 2630788 | E65: 45862 | F65: 45867 | G65: Bệnh viện Đa khoa Nông nghiệp | H65: Viêm tiểu phế quản cấp bội nhiệm, sốt xác định khác | I65: SMART | J65: 45898.864 | K65: =MONTH(J65) -> 8 | L65: 2025 | M65: 2025 | N65: 2025 | O65: 2025 | P65: REIMBURSEMENT_CLAIM | Q65: API | R65: 45767 | S65: 0 | T65: CHILDREN | U65: MALE | V65: HOSPITALIZATION ALLOWANCE | W65: Viêm tiểu phế quản cấp bội nhiệm, sốt xác định khác | X65: Nhiễm trùng | Y65: 0-17 | Z65: =IF(S65<=6,"0-6", IF(S65<=17,"7-17", IF(S65<=35,"18-35", IF(S65<=55,"36-55", "56+")))) -> 0-6 | AA65: 76a55cff776bbe899d5001972648ad78 | AB65: 1 | AC65: {=_xlfn.SWITCH(AB65, 79,"Thành phố Hồ Chí Minh", 1,"Thành phố Hà Nội", 35,"Tỉnh Hà Nam", 31,"Thành phố Hải Phòng", 27,"Tỉnh Bắc Ninh", 77,"Tỉnh Bà Rịa - Vũng Tàu", 48,"Thành phố Đà Nẵng", 75,"Tỉnh Đồng Nai", 38,"Tỉnh Thanh Hoá", 82,"Tỉnh Tiền Giang", 74,"Tỉnh Bình Dương", 49,"Tỉnh Quảng Nam", 51,"Tỉnh Quảng Ngãi", 52,"Tỉnh Bình Định", 40,"Tỉnh Nghệ An", "Không xác định" )} -> Thành phố Hà Nội | AD65: =ROUND((D65/C65)*100, 2) & "%" -> 81.32% | AE65: 2bd90ffe776bbe899d5001972648ad63 | AF65: =INT(E65) -> 45862 | AG65: =_xlfn.XLOOKUP(AE65, Dev!$A:$A, Dev!$B:$B, "") -> 45809.806 | AH65: =AF65-AG65 -> 52.194491
A66: 64 | B66: 614558fb1b9bbe899d500198f1596971 | C66: 320000 | D66: 240000 | E66: 45859 | F66: 45863 | G66: Khác | H66: viêm tiểu phế quản | I66: SMART | J66: 45897.949 | K66: =MONTH(J66) -> 8 | L66: 2025 | M66: 2025 | N66: 2025 | O66: 2025 | P66: REIMBURSEMENT_CLAIM | Q66: API | R66: 45656 | S66: 0 | T66: CHILDREN | U66: MALE | V66: HOSPITALIZATION ALLOWANCE | W66: Viêm tiểu phế quản | X66: Khác | Y66: 0-17 | Z66: =IF(S66<=6,"0-6", IF(S66<=17,"7-17", IF(S66<=35,"18-35", IF(S66<=55,"36-55", "56+")))) -> 0-6 | AA66: a414dcfd54ccbe899d50019526e994c2 | AB66: 82 | AC66: {=_xlfn.SWITCH(AB66, 79,"Thành phố Hồ Chí Minh", 1,"Thành phố Hà Nội", 35,"Tỉnh Hà Nam", 31,"Thành phố Hải Phòng", 27,"Tỉnh Bắc Ninh", 77,"Tỉnh Bà Rịa - Vũng Tàu", 48,"Thành phố Đà Nẵng", 75,"Tỉnh Đồng Nai", 38,"Tỉnh Thanh Hoá", 82,"Tỉnh Tiền Giang", 74,"Tỉnh Bình Dương", 49,"Tỉnh Quảng Nam", 51,"Tỉnh Quảng Ngãi", 52,"Tỉnh Bình Định", 40,"Tỉnh Nghệ An", "Không xác định" )} -> Tỉnh Tiền Giang | AD66: =ROUND((D66/C66)*100, 2) & "%" -> 75% | AE66: 59488ffc54ccbe899d50019526e994b3 | AF66: =INT(E66) -> 45859 | AG66: =_xlfn.XLOOKUP(AE66, Dev!$A:$A, Dev!$B:$B, "") -> 45710.507 | AH66: =AF66-AG66 -> 148.49306
A67: 65 | B67: 968652161b9bbe899d500198ee9afa7d | C67: 993355 | D67: 636240 | E67: 45896 | F67: 45896 | G67: Bệnh viện Đa khoa Quốc tế Columbia Asia Bình Dương | H67: Viêm họng có phỏng nước do virus đường ruột với phát ban | I67: SMART | J67: 45897.424 | K67: =MONTH(J67) -> 8 | L67: 2025 | M67: 2025 | N67: 2025 | O67: 2025 | P67: REIMBURSEMENT_CLAIM | Q67: API | R67: 45528 | S67: 1 | T67: CHILDREN | U67: MALE | V67: OUTPATIENT | W67: Viêm họng có phỏng nước do virus đường ruột với phát ban | X67: Hô hấp | Y67: 0-17 | Z67: =IF(S67<=6,"0-6", IF(S67<=17,"7-17", IF(S67<=35,"18-35", IF(S67<=55,"36-55", "56+")))) -> 0-6 | AA67: 99de7a331eecbe899d500195139d443d | AB67: 74 | AC67: {=_xlfn.SWITCH(AB67, 79,"Thành phố Hồ Chí Minh", 1,"Thành phố Hà Nội", 35,"Tỉnh Hà Nam", 31,"Thành phố Hải Phòng", 27,"Tỉnh Bắc Ninh", 77,"Tỉnh Bà Rịa - Vũng Tàu", 48,"Thành phố Đà Nẵng", 75,"Tỉnh Đồng Nai", 38,"Tỉnh Thanh Hoá", 82,"Tỉnh Tiền Giang", 74,"Tỉnh Bình Dương", 49,"Tỉnh Quảng Nam", 51,"Tỉnh Quảng Ngãi", 52,"Tỉnh Bình Định", 40,"Tỉnh Nghệ An", "Không xác định" )} -> Tỉnh Bình Dương | AD67: =ROUND((D67/C67)*100, 2) & "%" -> 64.05% | AE67: f247efb11eecbe899d500195139d4390 | AF67: =INT(E67) -> 45896 | AG67: =_xlfn.XLOOKUP(AE67, Dev!$A:$A, Dev!$B:$B, "") -> 45707.436 | AH67: =AF67-AG67 -> 188.56388
A68: 66 | B68: f2a214fc1b9bbe899d500198e6ac71f0 | C68: 14719880 | D68: 14988280 | E68: 45884 | F68: 45891 | G68: Bệnh viện Nhi Đồng Thành Phố | H68: viêm phế quản phổi | I68: SMART | J68: 45895.878 | K68: =MONTH(J68) -> 8 | L68: 2025 | M68: 2025 | N68: 2025 | O68: 2025 | P68: REIMBURSEMENT_CLAIM | Q68: API | R68: 45656 | S68: 0 | T68: CHILDREN | U68: MALE | V68: INPATIENT | W68: Viêm phế quản phổi | X68: Hô hấp | Y68: 0-17 | Z68: =IF(S68<=6,"0-6", IF(S68<=17,"7-17", IF(S68<=35,"18-35", IF(S68<=55,"36-55", "56+")))) -> 0-6 | AA68: 017563ff54ccbe899d50019526ed9acb | AB68: 82 | AC68: {=_xlfn.SWITCH(AB68, 79,"Thành phố Hồ Chí Minh", 1,"Thành phố Hà Nội", 35,"Tỉnh Hà Nam", 31,"Thành phố Hải Phòng", 27,"Tỉnh Bắc Ninh", 77,"Tỉnh Bà Rịa - Vũng Tàu", 48,"Thành phố Đà Nẵng", 75,"Tỉnh Đồng Nai", 38,"Tỉnh Thanh Hoá", 82,"Tỉnh Tiền Giang", 74,"Tỉnh Bình Dương", 49,"Tỉnh Quảng Nam", 51,"Tỉnh Quảng Ngãi", 52,"Tỉnh Bình Định", 40,"Tỉnh Nghệ An", "Không xác định" )} -> Tỉnh Tiền Giang | AD68: =ROUND((D68/C68)*100, 2) & "%" -> 101.82% | AE68: b5a916fe54ccbe899d50019526ed9aba | AF68: =INT(E68) -> 45884 | AG68: =_xlfn.XLOOKUP(AE68, Dev!$A:$A, Dev!$B:$B, "") -> 45710.518 | AH68: =AF68-AG68 -> 173.48193
A69: 67 | B69: 0a7318f71b9bbe899d500198e6a4c29c | C69: 15187980 | D69: 15067280 | E69: 45884 | F69: 45891 | G69: Bệnh viện Nhi Đồng Thành Phố | H69: viêm phế quản phổi | I69: SMART | J69: 45895.87 | K69: =MONTH(J69) -> 8 | L69: 2025 | M69: 2025 | N69: 2025 | O69: 2025 | P69: REIMBURSEMENT_CLAIM | Q69: API | R69: 45656 | S69: 0 | T69: CHILDREN | U69: MALE | V69: INPATIENT | W69: Viêm phế quản phổi | X69: Hô hấp | Y69: 0-17 | Z69: =IF(S69<=6,"0-6", IF(S69<=17,"7-17", IF(S69<=35,"18-35", IF(S69<=55,"36-55", "56+")))) -> 0-6 | AA69: a414dcfd54ccbe899d50019526e994c2 | AB69: 82 | AC69: {=_xlfn.SWITCH(AB69, 79,"Thành phố Hồ Chí Minh", 1,"Thành phố Hà Nội", 35,"Tỉnh Hà Nam", 31,"Thành phố Hải Phòng", 27,"Tỉnh Bắc Ninh", 77,"Tỉnh Bà Rịa - Vũng Tàu", 48,"Thành phố Đà Nẵng", 75,"Tỉnh Đồng Nai", 38,"Tỉnh Thanh Hoá", 82,"Tỉnh Tiền Giang", 74,"Tỉnh Bình Dương", 49,"Tỉnh Quảng Nam", 51,"Tỉnh Quảng Ngãi", 52,"Tỉnh Bình Định", 40,"Tỉnh Nghệ An", "Không xác định" )} -> Tỉnh Tiền Giang | AD69: =ROUND((D69/C69)*100, 2) & "%" -> 99.21% | AE69: 59488ffc54ccbe899d50019526e994b3 | AF69: =INT(E69) -> 45884 | AG69: =_xlfn.XLOOKUP(AE69, Dev!$A:$A, Dev!$B:$B, "") -> 45710.507 | AH69: =AF69-AG69 -> 173.49306
A70: 68 | B70: 0f1d73f61b9bbe899d500198e5f5876b | C70: 1429400 | D70: 663520 | E70: 45870 | F70: 45870 | G70: Bệnh viện Đa khoa Hồng Ngọc - Phúc Trường Minh | H70: Viêm tiểu phế quản cấp - Viêm mũi họng cấp | I70: SMART | J70: 45895.74 | K70: =MONTH(J70) -> 8 | L70: 2025 | M70: 2025 | N70: 2025 | O70: 2025 | P70: REIMBURSEMENT_CLAIM | Q70: API | R70: 45503 | S70: 1 | T70: CHILDREN | U70: MALE | V70: OUTPATIENT | W70: Viêm tiểu phế quản cấp - viêm mũi họng cấp | X70: Hô hấp | Y70: 0-17 | Z70: =IF(S70<=6,"0-6", IF(S70<=17,"7-17", IF(S70<=35,"18-35", IF(S70<=55,"36-55", "56+")))) -> 0-6 | AA70: aa702dfa3edbbe899d500192956dd672 | AB70: 1 | AC70: {=_xlfn.SWITCH(AB70, 79,"Thành phố Hồ Chí Minh", 1,"Thành phố Hà Nội", 35,"Tỉnh Hà Nam", 31,"Thành phố Hải Phòng", 27,"Tỉnh Bắc Ninh", 77,"Tỉnh Bà Rịa - Vũng Tàu", 48,"Thành phố Đà Nẵng", 75,"Tỉnh Đồng Nai", 38,"Tỉnh Thanh Hoá", 82,"Tỉnh Tiền Giang", 74,"Tỉnh Bình Dương", 49,"Tỉnh Quảng Nam", 51,"Tỉnh Quảng Ngãi", 52,"Tỉnh Bình Định", 40,"Tỉnh Nghệ An", "Không xác định" )} -> Thành phố Hà Nội | AD70: =ROUND((D70/C70)*100, 2) & "%" -> 46.42% | AE70: 5fa4dff93edbbe899d500192956dd664 | AF70: =INT(E70) -> 45870 | AG70: =_xlfn.XLOOKUP(AE70, Dev!$A:$A, Dev!$B:$B, "") -> 45582.836 | AH70: =AF70-AG70 -> 287.16368
A71: 69 | B71: 5e152cfc1b9bbe899d500198e5dff020 | C71: 649427 | D71: 519542 | E71: 45895 | G71: BỆNH VIỆN ĐA KHOA QUỐC TẾ VINMEC HẢI PHÒNG | H71: Tay chân miệng độ I | I71: SMART | J71: 45895.721 | K71: =MONTH(J71) -> 8 | L71: 2025 | M71: 2025 | N71: 2025 | O71: 2025 | P71: REIMBURSEMENT_CLAIM | Q71: API | R71: 45636 | S71: 0 | T71: CHILDREN | U71: FEMALE | V71: OUTPATIENT | W71: Tay chân miệng độ i | X71: Khác | Y71: 0-17 | Z71: =IF(S71<=6,"0-6", IF(S71<=17,"7-17", IF(S71<=35,"18-35", IF(S71<=55,"36-55", "56+")))) -> 0-6 | AA71: 2a6826fb6fcbbe899d500195fac295c7 | AB71: 31 | AC71: {=_xlfn.SWITCH(AB71, 79,"Thành phố Hồ Chí Minh", 1,"Thành phố Hà Nội", 35,"Tỉnh Hà Nam", 31,"Thành phố Hải Phòng", 27,"Tỉnh Bắc Ninh", 77,"Tỉnh Bà Rịa - Vũng Tàu", 48,"Thành phố Đà Nẵng", 75,"Tỉnh Đồng Nai", 38,"Tỉnh Thanh Hoá", 82,"Tỉnh Tiền Giang", 74,"Tỉnh Bình Dương", 49,"Tỉnh Quảng Nam", 51,"Tỉnh Quảng Ngãi", 52,"Tỉnh Bình Định", 40,"Tỉnh Nghệ An", "Không xác định" )} -> Thành phố Hải Phòng | AD71: =ROUND((D71/C71)*100, 2) & "%" -> 80% | AE71: de9cd8fa6fcbbe899d500195fac295b6 | AF71: =INT(E71) -> 45895 | AG71: =_xlfn.XLOOKUP(AE71, Dev!$A:$A, Dev!$B:$B, "") -> 45751.644 | AH71: =AF71-AG71 -> 143.35631
A72: 70 | B72: 0a58b8f91b9bbe899d500198e4d65916 | C72: 168000 | D72: 102400 | E72: 45885 | F72: 45885 | G72: Hệ thống Phòng khám Nhi Đồng 315 - PK 16 | H72: Viêm mũi | I72: SMART | J72: 45895.519 | K72: =MONTH(J72) -> 8 | L72: 2025 | M72: 2025 | N72: 2025 | O72: 2025 | P72: REIMBURSEMENT_CLAIM | Q72: API | R72: 44269 | S72: 4 | T72: CHILDREN | U72: MALE | V72: OUTPATIENT | W72: Viêm mũi | X72: Hô hấp | Y72: 0-17 | Z72: =IF(S72<=6,"0-6", IF(S72<=17,"7-17", IF(S72<=35,"18-35", IF(S72<=55,"36-55", "56+")))) -> 0-6 | AA72: e7056dfc7b61be899d500195376d0bdf | AB72: 79 | AC72: {=_xlfn.SWITCH(AB72, 79,"Thành phố Hồ Chí Minh", 1,"Thành phố Hà Nội", 35,"Tỉnh Hà Nam", 31,"Thành phố Hải Phòng", 27,"Tỉnh Bắc Ninh", 77,"Tỉnh Bà Rịa - Vũng Tàu", 48,"Thành phố Đà Nẵng", 75,"Tỉnh Đồng Nai", 38,"Tỉnh Thanh Hoá", 82,"Tỉnh Tiền Giang", 74,"Tỉnh Bình Dương", 49,"Tỉnh Quảng Nam", 51,"Tỉnh Quảng Ngãi", 52,"Tỉnh Bình Định", 40,"Tỉnh Nghệ An", "Không xác định" )} -> Thành phố Hồ Chí Minh | AD72: =ROUND((D72/C72)*100, 2) & "%" -> 60.95% | AE72: 9c3910fb7b61be899d500195376d0bcd | AF72: =INT(E72) -> 45885 | AG72: =_xlfn.XLOOKUP(AE72, Dev!$A:$A, Dev!$B:$B, "") -> 45689 | AH72: =AF72-AG72 -> 196
A73: 71 | B73: 43b4fafd1b9bbe899d500198e4d2f3df | C73: 118500 | D73: 94800 | E73: 45882 | F73: 45882 | G73: Hệ thống Phòng khám Nhi Đồng 315 - PK 16 | H73: Viêm mũi họng cấp [ cảm thường ] bội nhiễm - Táo bón | I73: SMART | J73: 45895.517 | K73: =MONTH(J73) -> 8 | L73: 2025 | M73: 2025 | N73: 2025 | O73: 2025 | P73: REIMBURSEMENT_CLAIM | Q73: API | R73: 44269 | S73: 4 | T73: CHILDREN | U73: MALE | V73: OUTPATIENT | W73: Viêm mũi họng cấp [ cảm thường ] bội nhiễm - táo bón | X73: Hô hấp | Y73: 0-17 | Z73: =IF(S73<=6,"0-6", IF(S73<=17,"7-17", IF(S73<=35,"18-35", IF(S73<=55,"36-55", "56+")))) -> 0-6 | AA73: e7056dfc7b61be899d500195376d0bdf | AB73: 79 | AC73: {=_xlfn.SWITCH(AB73, 79,"Thành phố Hồ Chí Minh", 1,"Thành phố Hà Nội", 35,"Tỉnh Hà Nam", 31,"Thành phố Hải Phòng", 27,"Tỉnh Bắc Ninh", 77,"Tỉnh Bà Rịa - Vũng Tàu", 48,"Thành phố Đà Nẵng", 75,"Tỉnh Đồng Nai", 38,"Tỉnh Thanh Hoá", 82,"Tỉnh Tiền Giang", 74,"Tỉnh Bình Dương", 49,"Tỉnh Quảng Nam", 51,"Tỉnh Quảng Ngãi", 52,"Tỉnh Bình Định", 40,"Tỉnh Nghệ An", "Không xác định" )} -> Thành phố Hồ Chí Minh | AD73: =ROUND((D73/C73)*100, 2) & "%" -> 80% | AE73: 9c3910fb7b61be899d500195376d0bcd | AF73: =INT(E73) -> 45882 | AG73: =_xlfn.XLOOKUP(AE73, Dev!$A:$A, Dev!$B:$B, "") -> 45689 | AH73: =AF73-AG73 -> 193
A74: 72 | B74: 4423e4f91b9bbe899d500198e08de929 | C74: 693765 | D74: 341950 | E74: 45889 | F74: 45889 | G74: Bệnh viện Nhi Đồng II | H74: B08.8- Nhiễm virus xác định khác có biểu hiện tổn thương tại da và niêm mạc - độ 1 n2 | I74: SMART | J74: 45894.688 | K74: =MONTH(J74) -> 8 | L74: 2025 | M74: 2025 | N74: 2025 | O74: 2025 | P74: REIMBURSEMENT_CLAIM | Q74: API | R74: 45494 | S74: 1 | T74: CHILDREN | U74: MALE | V74: OUTPATIENT | W74: B08.8- nhiễm virus xác định khác có biểu hiện tổn thương tại da và niêm mạc - độ 1 n2 | X74: Da liễu | Y74: 0-17 | Z74: =IF(S74<=6,"0-6", IF(S74<=17,"7-17", IF(S74<=35,"18-35", IF(S74<=55,"36-55", "56+")))) -> 0-6 | AA74: 27b18cff1644be899d500197b5bb1a58 | AB74: 79 | AC74: {=_xlfn.SWITCH(AB74, 79,"Thành phố Hồ Chí Minh", 1,"Thành phố Hà Nội", 35,"Tỉnh Hà Nam", 31,"Thành phố Hải Phòng", 27,"Tỉnh Bắc Ninh", 77,"Tỉnh Bà Rịa - Vũng Tàu", 48,"Thành phố Đà Nẵng", 75,"Tỉnh Đồng Nai", 38,"Tỉnh Thanh Hoá", 82,"Tỉnh Tiền Giang", 74,"Tỉnh Bình Dương", 49,"Tỉnh Quảng Nam", 51,"Tỉnh Quảng Ngãi", 52,"Tỉnh Bình Định", 40,"Tỉnh Nghệ An", "Không xác định" )} -> Thành phố Hồ Chí Minh | AD74: =ROUND((D74/C74)*100, 2) & "%" -> 49.29% | AE74: dbe53fff1644be899d500197b5bb1a4b | AF74: =INT(E74) -> 45889 | AG74: =_xlfn.XLOOKUP(AE74, Dev!$A:$A, Dev!$B:$B, "") -> 45837.66 | AH74: =AF74-AG74 -> 51.339826
A75: 73 | B75: ee32a6fc1b9bbe899d500198e08a25de | C75: 141000 | D75: 112800 | E75: 45880 | F75: 45880 | G75: Khác | H75: Rối loạn tiêu hóa; J00- Viêm mũi họng cấp | I75: SMART | J75: 45894.685 | K75: =MONTH(J75) -> 8 | L75: 2025 | M75: 2025 | N75: 2025 | O75: 2025 | P75: REIMBURSEMENT_CLAIM | Q75: API | R75: 45494 | S75: 1 | T75: CHILDREN | U75: MALE | V75: OUTPATIENT | W75: Rối loạn tiêu hóa | X75: Tiêu hóa | Y75: 0-17 | Z75: =IF(S75<=6,"0-6", IF(S75<=17,"7-17", IF(S75<=35,"18-35", IF(S75<=55,"36-55", "56+")))) -> 0-6 | AA75: 27b18cff1644be899d500197b5bb1a58 | AB75: 79 | AC75: {=_xlfn.SWITCH(AB75, 79,"Thành phố Hồ Chí Minh", 1,"Thành phố Hà Nội", 35,"Tỉnh Hà Nam", 31,"Thành phố Hải Phòng", 27,"Tỉnh Bắc Ninh", 77,"Tỉnh Bà Rịa - Vũng Tàu", 48,"Thành phố Đà Nẵng", 75,"Tỉnh Đồng Nai", 38,"Tỉnh Thanh Hoá", 82,"Tỉnh Tiền Giang", 74,"Tỉnh Bình Dương", 49,"Tỉnh Quảng Nam", 51,"Tỉnh Quảng Ngãi", 52,"Tỉnh Bình Định", 40,"Tỉnh Nghệ An", "Không xác định" )} -> Thành phố Hồ Chí Minh | AD75: =ROUND((D75/C75)*100, 2) & "%" -> 80% | AE75: dbe53fff1644be899d500197b5bb1a4b | AF75: =INT(E75) -> 45880 | AG75: =_xlfn.XLOOKUP(AE75, Dev!$A:$A, Dev!$B:$B, "") -> 45837.66 | AH75: =AF75-AG75 -> 42.339826
A76: 74 | B76: 1336ac601b9bbe899d500198e085abe4 | C76: 403000 | D76: 322400 | E76: 45878 | F76: 45878 | G76: Khác | H76: Viêm họng cấp, rối loạn tiêu hóa | I76: SMART | J76: 45894.683 | K76: =MONTH(J76) -> 8 | L76: 2025 | M76: 2025 | N76: 2025 | O76: 2025 | P76: REIMBURSEMENT_CLAIM | Q76: API | R76: 45494 | S76: 1 | T76: CHILDREN | U76: MALE | V76: OUTPATIENT | W76: Viêm họng cấp, rối loạn tiêu hóa | X76: Khác | Y76: 0-17 | Z76: =IF(S76<=6,"0-6", IF(S76<=17,"7-17", IF(S76<=35,"18-35", IF(S76<=55,"36-55", "56+")))) -> 0-6 | AA76: 27b18cff1644be899d500197b5bb1a58 | AB76: 79 | AC76: {=_xlfn.SWITCH(AB76, 79,"Thành phố Hồ Chí Minh", 1,"Thành phố Hà Nội", 35,"Tỉnh Hà Nam", 31,"Thành phố Hải Phòng", 27,"Tỉnh Bắc Ninh", 77,"Tỉnh Bà Rịa - Vũng Tàu", 48,"Thành phố Đà Nẵng", 75,"Tỉnh Đồng Nai", 38,"Tỉnh Thanh Hoá", 82,"Tỉnh Tiền Giang", 74,"Tỉnh Bình Dương", 49,"Tỉnh Quảng Nam", 51,"Tỉnh Quảng Ngãi", 52,"Tỉnh Bình Định", 40,"Tỉnh Nghệ An", "Không xác định" )} -> Thành phố Hồ Chí Minh | AD76: =ROUND((D76/C76)*100, 2) & "%" -> 80% | AE76: dbe53fff1644be899d500197b5bb1a4b | AF76: =INT(E76) -> 45878 | AG76: =_xlfn.XLOOKUP(AE76, Dev!$A:$A, Dev!$B:$B, "") -> 45837.66 | AH76: =AF76-AG76 -> 40.339826
A77: 75 | B77: d2f4baff1b9bbe899d500198d4f0e448 | C77: 66000 | D77: 52800 | E77: 45876 | F77: 45876 | G77: Khác | H77: Viêm họng cấp | I77: SMART | J77: 45894.679 | K77: =MONTH(J77) -> 8 | L77: 2025 | M77: 2025 | N77: 2025 | O77: 2025 | P77: REIMBURSEMENT_CLAIM | Q77: API | R77: 45494 | S77: 1 | T77: CHILDREN | U77: MALE | V77: INPATIENT | W77: Viêm họng cấp | X77: Hô hấp | Y77: 0-17 | Z77: =IF(S77<=6,"0-6", IF(S77<=17,"7-17", IF(S77<=35,"18-35", IF(S77<=55,"36-55", "56+")))) -> 0-6 | AA77: 27b18cff1644be899d500197b5bb1a58 | AB77: 79 | AC77: {=_xlfn.SWITCH(AB77, 79,"Thành phố Hồ Chí Minh", 1,"Thành phố Hà Nội", 35,"Tỉnh Hà Nam", 31,"Thành phố Hải Phòng", 27,"Tỉnh Bắc Ninh", 77,"Tỉnh Bà Rịa - Vũng Tàu", 48,"Thành phố Đà Nẵng", 75,"Tỉnh Đồng Nai", 38,"Tỉnh Thanh Hoá", 82,"Tỉnh Tiền Giang", 74,"Tỉnh Bình Dương", 49,"Tỉnh Quảng Nam", 51,"Tỉnh Quảng Ngãi", 52,"Tỉnh Bình Định", 40,"Tỉnh Nghệ An", "Không xác định" )} -> Thành phố Hồ Chí Minh | AD77: =ROUND((D77/C77)*100, 2) & "%" -> 80% | AE77: dbe53fff1644be899d500197b5bb1a4b | AF77: =INT(E77) -> 45876 | AG77: =_xlfn.XLOOKUP(AE77, Dev!$A:$A, Dev!$B:$B, "") -> 45837.66 | AH77: =AF77-AG77 -> 38.339826
A78: 76 | B78: 3dbf7c911b9bbe899d500198df57ba03 | C78: 767824 | D78: 602259 | E78: 45894 | G78: Bệnh viện Đa khoa Quốc tế Columbia Asia Bình Dương | H78: Viêm họng có phỏng nước do virus đường ruột với phát ban | I78: SMART | J78: 45894.468 | K78: =MONTH(J78) -> 8 | L78: 2025 | M78: 2025 | N78: 2025 | O78: 2025 | P78: REIMBURSEMENT_CLAIM | Q78: API | R78: 45528 | S78: 1 | T78: CHILDREN | U78: MALE | V78: OUTPATIENT | W78: Viêm họng có phỏng nước do virus đường ruột với phát ban | X78: Hô hấp | Y78: 0-17 | Z78: =IF(S78<=6,"0-6", IF(S78<=17,"7-17", IF(S78<=35,"18-35", IF(S78<=55,"36-55", "56+")))) -> 0-6 | AA78: 99de7a331eecbe899d500195139d443d | AB78: 74 | AC78: {=_xlfn.SWITCH(AB78, 79,"Thành phố Hồ Chí Minh", 1,"Thành phố Hà Nội", 35,"Tỉnh Hà Nam", 31,"Thành phố Hải Phòng", 27,"Tỉnh Bắc Ninh", 77,"Tỉnh Bà Rịa - Vũng Tàu", 48,"Thành phố Đà Nẵng", 75,"Tỉnh Đồng Nai", 38,"Tỉnh Thanh Hoá", 82,"Tỉnh Tiền Giang", 74,"Tỉnh Bình Dương", 49,"Tỉnh Quảng Nam", 51,"Tỉnh Quảng Ngãi", 52,"Tỉnh Bình Định", 40,"Tỉnh Nghệ An", "Không xác định" )} -> Tỉnh Bình Dương | AD78: =ROUND((D78/C78)*100, 2) & "%" -> 78.44% | AE78: f247efb11eecbe899d500195139d4390 | AF78: =INT(E78) -> 45894 | AG78: =_xlfn.XLOOKUP(AE78, Dev!$A:$A, Dev!$B:$B, "") -> 45707.436 | AH78: =AF78-AG78 -> 186.56388
A79: 77 | B79: ac841afd1b9bbe899d500198d06420da | C79: 320250 | D79: 256200 | E79: 45890 | F79: 45890 | G79: KHÁC | H79: viêm tai giữa cấp mủ, tạm ổn | I79: SMART | J79: 45891.632 | K79: =MONTH(J79) -> 8 | L79: 2025 | M79: 2025 | N79: 2025 | O79: 2025 | P79: REIMBURSEMENT_CLAIM | Q79: API | R79: 45609 | S79: 0 | T79: CHILDREN | U79: MALE | V79: OUTPATIENT | W79: Viêm tai giữa cấp mủ, tạm ổn | X79: Khác | Y79: 0-17 | Z79: =IF(S79<=6,"0-6", IF(S79<=17,"7-17", IF(S79<=35,"18-35", IF(S79<=55,"36-55", "56+")))) -> 0-6 | AA79: 67c34f415c0fbe899d500195884b8613 | AB79: 75 | AC79: {=_xlfn.SWITCH(AB79, 79,"Thành phố Hồ Chí Minh", 1,"Thành phố Hà Nội", 35,"Tỉnh Hà Nam", 31,"Thành phố Hải Phòng", 27,"Tỉnh Bắc Ninh", 77,"Tỉnh Bà Rịa - Vũng Tàu", 48,"Thành phố Đà Nẵng", 75,"Tỉnh Đồng Nai", 38,"Tỉnh Thanh Hoá", 82,"Tỉnh Tiền Giang", 74,"Tỉnh Bình Dương", 49,"Tỉnh Quảng Nam", 51,"Tỉnh Quảng Ngãi", 52,"Tỉnh Bình Định", 40,"Tỉnh Nghệ An", "Không xác định" )} -> Tỉnh Đồng Nai | AD79: =ROUND((D79/C79)*100, 2) & "%" -> 80% | AE79: c03ca4ff5c0fbe899d500195884b852d | AF79: =INT(E79) -> 45890 | AG79: =_xlfn.XLOOKUP(AE79, Dev!$A:$A, Dev!$B:$B, "") -> 45729.417 | AH79: =AF79-AG79 -> 160.58323
A80: 78 | B80: 13eb6fd23ffdbe899d500198cbeb651f | C80: 550200 | D80: 440160 | E80: 45890 | G80: Bệnh viện Đa khoa Quốc tế Bắc Hà | H80: viêm mũi họng cấp | I80: SMART | J80: 45890.683 | K80: =MONTH(J80) -> 8 | L80: 2025 | M80: 2025 | N80: 2025 | O80: 2025 | P80: REIMBURSEMENT_CLAIM | Q80: API | R80: 45266 | S80: 1 | T80: CHILDREN | U80: MALE | V80: OUTPATIENT | W80: Viêm mũi họng cấp | X80: Hô hấp | Y80: 0-17 | Z80: =IF(S80<=6,"0-6", IF(S80<=17,"7-17", IF(S80<=35,"18-35", IF(S80<=55,"36-55", "56+")))) -> 0-6 | AA80: 1296ce307a1bbe899d50019734e1043b | AB80: 1 | AC80: {=_xlfn.SWITCH(AB80, 79,"Thành phố Hồ Chí Minh", 1,"Thành phố Hà Nội", 35,"Tỉnh Hà Nam", 31,"Thành phố Hải Phòng", 27,"Tỉnh Bắc Ninh", 77,"Tỉnh Bà Rịa - Vũng Tàu", 48,"Thành phố Đà Nẵng", 75,"Tỉnh Đồng Nai", 38,"Tỉnh Thanh Hoá", 82,"Tỉnh Tiền Giang", 74,"Tỉnh Bình Dương", 49,"Tỉnh Quảng Nam", 51,"Tỉnh Quảng Ngãi", 52,"Tỉnh Bình Định", 40,"Tỉnh Nghệ An", "Không xác định" )} -> Thành phố Hà Nội | AD80: =ROUND((D80/C80)*100, 2) & "%" -> 80% | AE80: 7bfe24fe7a1bbe899d50019734e1036c | AF80: =INT(E80) -> 45890 | AG80: =_xlfn.XLOOKUP(AE80, Dev!$A:$A, Dev!$B:$B, "") -> 45812.64 | AH80: =AF80-AG80 -> 77.360428
A81: 79 | B81: 2a3d58ff3ffdbe899d500198caf036ca | C81: 1753579 | D81: 610379 | E81: 45851 | F81: 45851 | G81: Bệnh viện Quân Y 103 (cơ sở 2 Hà Đông) | H81: Nhiễm khuẩn tiêu hoá | I81: SMART | J81: 45890.496 | K81: =MONTH(J81) -> 8 | L81: 2025 | M81: 2025 | N81: 2025 | O81: 2025 | P81: REIMBURSEMENT_CLAIM | Q81: API | R81: 45544 | S81: 1 | T81: CHILDREN | U81: FEMALE | V81: OUTPATIENT | W81: Nhiễm khuẩn tiêu hoá | X81: Tiêu hóa | Y81: 0-17 | Z81: =IF(S81<=6,"0-6", IF(S81<=17,"7-17", IF(S81<=35,"18-35", IF(S81<=55,"36-55", "56+")))) -> 0-6 | AA81: d208cf90022ebe899d500192ec7d561d | AB81: 1 | AC81: {=_xlfn.SWITCH(AB81, 79,"Thành phố Hồ Chí Minh", 1,"Thành phố Hà Nội", 35,"Tỉnh Hà Nam", 31,"Thành phố Hải Phòng", 27,"Tỉnh Bắc Ninh", 77,"Tỉnh Bà Rịa - Vũng Tàu", 48,"Thành phố Đà Nẵng", 75,"Tỉnh Đồng Nai", 38,"Tỉnh Thanh Hoá", 82,"Tỉnh Tiền Giang", 74,"Tỉnh Bình Dương", 49,"Tỉnh Quảng Nam", 51,"Tỉnh Quảng Ngãi", 52,"Tỉnh Bình Định", 40,"Tỉnh Nghệ An", "Không xác định" )} -> Thành phố Hà Nội | AD81: =ROUND((D81/C81)*100, 2) & "%" -> 34.81% | AE81: 3c6035ff022ebe899d500192ec7d5566 | AF81: =INT(E81) -> 45851 | AG81: =_xlfn.XLOOKUP(AE81, Dev!$A:$A, Dev!$B:$B, "") -> 45600.476 | AH81: =AF81-AG81 -> 250.52432
A82: 80 | B82: 231409e43ffdbe899d500198c6e8fd1b | C82: 623800 | D82: 499040 | E82: 45889 | F82: 45889 | G82: Cty Cổ phần Phòng Khám Đa Khoa Y Sài Gòn | H82: viêm phế quản cấp, sẩn ngứa, bệnh trào ngươic dạ dày, thực quản | I82: SMART | J82: 45890.399 | K82: =MONTH(J82) -> 8 | L82: 2025 | M82: 2025 | N82: 2025 | O82: 2025 | P82: REIMBURSEMENT_CLAIM | Q82: API | R82: 45330 | S82: 1 | T82: CHILDREN | U82: FEMALE | V82: OUTPATIENT | W82: Viêm phế quản cấp, sẩn ngứa, bệnh trào ngươic dạ dày, thực quản | X82: Khác | Y82: 0-17 | Z82: =IF(S82<=6,"0-6", IF(S82<=17,"7-17", IF(S82<=35,"18-35", IF(S82<=55,"36-55", "56+")))) -> 0-6 | AA82: 769306fa75c8be899d5001954b3db504 | AB82: 77 | AC82: {=_xlfn.SWITCH(AB82, 79,"Thành phố Hồ Chí Minh", 1,"Thành phố Hà Nội", 35,"Tỉnh Hà Nam", 31,"Thành phố Hải Phòng", 27,"Tỉnh Bắc Ninh", 77,"Tỉnh Bà Rịa - Vũng Tàu", 48,"Thành phố Đà Nẵng", 75,"Tỉnh Đồng Nai", 38,"Tỉnh Thanh Hoá", 82,"Tỉnh Tiền Giang", 74,"Tỉnh Bình Dương", 49,"Tỉnh Quảng Nam", 51,"Tỉnh Quảng Ngãi", 52,"Tỉnh Bình Định", 40,"Tỉnh Nghệ An", "Không xác định" )} -> Tỉnh Bà Rịa - Vũng Tàu | AD82: =ROUND((D82/C82)*100, 2) & "%" -> 80% | AE82: dffb6bf875c8be899d5001954b3db456 | AF82: =INT(E82) -> 45889 | AG82: =_xlfn.XLOOKUP(AE82, Dev!$A:$A, Dev!$B:$B, "") -> 45717.561 | AH82: =AF82-AG82 -> 171.43874
A83: 81 | B83: 1275dfe03ffdbe899d500198c7cb3983 | C83: 16575315 | D83: 13388955 | E83: 45874 | F83: 45880 | G83: Bệnh viện Nhi Trung ương | H83: Viêm họng Viêm phế quản | I83: SMART | J83: 45889.887 | K83: =MONTH(J83) -> 8 | L83: 2025 | M83: 2025 | N83: 2025 | O83: 2025 | P83: REIMBURSEMENT_CLAIM | Q83: API | R83: 45161 | S83: 2 | T83: CHILDREN | U83: MALE | V83: INPATIENT | W83: Viêm họng viêm phế quản | X83: Hô hấp | Y83: 0-17 | Z83: =IF(S83<=6,"0-6", IF(S83<=17,"7-17", IF(S83<=35,"18-35", IF(S83<=55,"36-55", "56+")))) -> 0-6 | AA83: 7d6f18a754ccbe899d500195265765e1 | AB83: 33 | AC83: {=_xlfn.SWITCH(AB83, 79,"Thành phố Hồ Chí Minh", 1,"Thành phố Hà Nội", 35,"Tỉnh Hà Nam", 31,"Thành phố Hải Phòng", 27,"Tỉnh Bắc Ninh", 77,"Tỉnh Bà Rịa - Vũng Tàu", 48,"Thành phố Đà Nẵng", 75,"Tỉnh Đồng Nai", 38,"Tỉnh Thanh Hoá", 82,"Tỉnh Tiền Giang", 74,"Tỉnh Bình Dương", 49,"Tỉnh Quảng Nam", 51,"Tỉnh Quảng Ngãi", 52,"Tỉnh Bình Định", 40,"Tỉnh Nghệ An", "Không xác định" )} -> Không xác định | AD83: =ROUND((D83/C83)*100, 2) & "%" -> 80.78% | AE83: d6d78d2654ccbe899d50019526576530 | AF83: =INT(E83) -> 45874 | AG83: =_xlfn.XLOOKUP(AE83, Dev!$A:$A, Dev!$B:$B, "") -> 45710.396 | AH83: =AF83-AG83 -> 163.60394
A84: 82 | B84: 0fdec3223ffdbe899d500198c786f210 | C84: 1692319 | D84: 886770 | E84: 45884 | G84: Bệnh viện Đa khoa Vĩnh Đức | H84: Bé sốt cao kèm tiêu chảy tại nhà hai ngày nhưng không bớt nên được đưa vào viện. Tại đây các bác sĩ kiểm tra và chuẩn đoán bé bị nhiễm trùng đường hô hấp cấp trên, nhiễm trùng đường ruột do vi khuẩn không xác định, rối loạn cân bằng điện gioả và nước chưa được phân loại ở phần khác, viêm da cơ địa khác. | I84: SMART | J84: 45889.84 | K84: =MONTH(J84) -> 8 | L84: 2025 | M84: 2025 | N84: 2025 | O84: 2025 | P84: REIMBURSEMENT_CLAIM | Q84: API | R84: 45146 | S84: 2 | T84: CHILDREN | U84: FEMALE | V84: INPATIENT | W84: Bé sốt cao kèm tiêu chảy tại nhà hai ngày nhưng không bớt nên được đưa vào viện. tại đây các bác sĩ kiểm tra và chuẩn đoán bé bị nhiễm trùng đường hô hấp cấp trên, nhiễm trùng đường ruột do vi khuẩn không xác định, rối loạn cân bằng điện gioả và nước chưa được phân loại ở phần khác, viêm da cơ địa khác. | X84: Khác | Y84: 0-17 | Z84: =IF(S84<=6,"0-6", IF(S84<=17,"7-17", IF(S84<=35,"18-35", IF(S84<=55,"36-55", "56+")))) -> 0-6 | AA84: a85b4efc168ebe899d5001938674e47f | AB84: 49 | AC84: {=_xlfn.SWITCH(AB84, 79,"Thành phố Hồ Chí Minh", 1,"Thành phố Hà Nội", 35,"Tỉnh Hà Nam", 31,"Thành phố Hải Phòng", 27,"Tỉnh Bắc Ninh", 77,"Tỉnh Bà Rịa - Vũng Tàu", 48,"Thành phố Đà Nẵng", 75,"Tỉnh Đồng Nai", 38,"Tỉnh Thanh Hoá", 82,"Tỉnh Tiền Giang", 74,"Tỉnh Bình Dương", 49,"Tỉnh Quảng Nam", 51,"Tỉnh Quảng Ngãi", 52,"Tỉnh Bình Định", 40,"Tỉnh Nghệ An", "Không xác định" )} -> Tỉnh Quảng Nam | AD84: =ROUND((D84/C84)*100, 2) & "%" -> 52.4% | AE84: 5d8ff0fb168ebe899d5001938674e470 | AF84: =INT(E84) -> 45884 | AG84: =_xlfn.XLOOKUP(AE84, Dev!$A:$A, Dev!$B:$B, "") -> 45629.639 | AH84: =AF84-AG84 -> 254.36078
A85: 83 | B85: 500b9db63815be899d500198c1247f76 | C85: 582450 | D85: 465960 | E85: 45887 | F85: 45887 | G85: KHÁC | H85: viêm tai giữa chảy mủ bên trái | I85: SMART | J85: 45888.588 | K85: =MONTH(J85) -> 8 | L85: 2025 | M85: 2025 | N85: 2025 | O85: 2025 | P85: REIMBURSEMENT_CLAIM | Q85: API | R85: 45609 | S85: 0 | T85: CHILDREN | U85: MALE | V85: OUTPATIENT | W85: Viêm tai giữa chảy mủ bên trái | X85: Khác | Y85: 0-17 | Z85: =IF(S85<=6,"0-6", IF(S85<=17,"7-17", IF(S85<=35,"18-35", IF(S85<=55,"36-55", "56+")))) -> 0-6 | AA85: 67c34f415c0fbe899d500195884b8613 | AB85: 75 | AC85: {=_xlfn.SWITCH(AB85, 79,"Thành phố Hồ Chí Minh", 1,"Thành phố Hà Nội", 35,"Tỉnh Hà Nam", 31,"Thành phố Hải Phòng", 27,"Tỉnh Bắc Ninh", 77,"Tỉnh Bà Rịa - Vũng Tàu", 48,"Thành phố Đà Nẵng", 75,"Tỉnh Đồng Nai", 38,"Tỉnh Thanh Hoá", 82,"Tỉnh Tiền Giang", 74,"Tỉnh Bình Dương", 49,"Tỉnh Quảng Nam", 51,"Tỉnh Quảng Ngãi", 52,"Tỉnh Bình Định", 40,"Tỉnh Nghệ An", "Không xác định" )} -> Tỉnh Đồng Nai | AD85: =ROUND((D85/C85)*100, 2) & "%" -> 80% | AE85: c03ca4ff5c0fbe899d500195884b852d | AF85: =INT(E85) -> 45887 | AG85: =_xlfn.XLOOKUP(AE85, Dev!$A:$A, Dev!$B:$B, "") -> 45729.417 | AH85: =AF85-AG85 -> 157.58323
A86: 84 | B86: c01574d33815be899d500198c0c425da | C86: 181500 | D86: 145200 | E86: 45856 | F86: 45856 | G86: Hệ thống Phòng khám Nhi Đồng 315 - PK 16 | H86: viêm tiểu phế quản bội nhiễm | I86: SMART | J86: 45888.516 | K86: =MONTH(J86) -> 8 | L86: 2025 | M86: 2025 | N86: 2025 | O86: 2025 | P86: REIMBURSEMENT_CLAIM | Q86: API | R86: 45263 | S86: 1 | T86: CHILDREN | U86: FEMALE | V86: OUTPATIENT | W86: Viêm tiểu phế quản bội nhiễm | X86: Nhiễm trùng | Y86: 0-17 | Z86: =IF(S86<=6,"0-6", IF(S86<=17,"7-17", IF(S86<=35,"18-35", IF(S86<=55,"36-55", "56+")))) -> 0-6 | AA86: 3d98d7c717bdbe899d500194a176e226 | AB86: 79 | AC86: {=_xlfn.SWITCH(AB86, 79,"Thành phố Hồ Chí Minh", 1,"Thành phố Hà Nội", 35,"Tỉnh Hà Nam", 31,"Thành phố Hải Phòng", 27,"Tỉnh Bắc Ninh", 77,"Tỉnh Bà Rịa - Vũng Tàu", 48,"Thành phố Đà Nẵng", 75,"Tỉnh Đồng Nai", 38,"Tỉnh Thanh Hoá", 82,"Tỉnh Tiền Giang", 74,"Tỉnh Bình Dương", 49,"Tỉnh Quảng Nam", 51,"Tỉnh Quảng Ngãi", 52,"Tỉnh Bình Định", 40,"Tỉnh Nghệ An", "Không xác định" )} -> Thành phố Hồ Chí Minh | AD86: =ROUND((D86/C86)*100, 2) & "%" -> 80% | AE86: e1dc8a0717bdbe899d500194a176e20d | AF86: =INT(E86) -> 45856 | AG86: =_xlfn.XLOOKUP(AE86, Dev!$A:$A, Dev!$B:$B, "") -> 45684.666 | AH86: =AF86-AG86 -> 171.33354
A87: 85 | B87: 25554d063815be899d500198bc38955b | C87: 338199 | D87: 338199 | E87: 45880 | F87: 45880 | G87: Bệnh viện Nhi Đồng Thành Phố | H87: viêm mũi họng | I87: SMART | J87: 45887.631 | K87: =MONTH(J87) -> 8 | L87: 2025 | M87: 2025 | N87: 2025 | O87: 2025 | P87: REIMBURSEMENT_CLAIM | Q87: API | R87: 45656 | S87: 0 | T87: CHILDREN | U87: MALE | V87: OUTPATIENT | W87: Viêm mũi họng | X87: Hô hấp | Y87: 0-17 | Z87: =IF(S87<=6,"0-6", IF(S87<=17,"7-17", IF(S87<=35,"18-35", IF(S87<=55,"36-55", "56+")))) -> 0-6 | AA87: a414dcfd54ccbe899d50019526e994c2 | AB87: 82 | AC87: {=_xlfn.SWITCH(AB87, 79,"Thành phố Hồ Chí Minh", 1,"Thành phố Hà Nội", 35,"Tỉnh Hà Nam", 31,"Thành phố Hải Phòng", 27,"Tỉnh Bắc Ninh", 77,"Tỉnh Bà Rịa - Vũng Tàu", 48,"Thành phố Đà Nẵng", 75,"Tỉnh Đồng Nai", 38,"Tỉnh Thanh Hoá", 82,"Tỉnh Tiền Giang", 74,"Tỉnh Bình Dương", 49,"Tỉnh Quảng Nam", 51,"Tỉnh Quảng Ngãi", 52,"Tỉnh Bình Định", 40,"Tỉnh Nghệ An", "Không xác định" )} -> Tỉnh Tiền Giang | AD87: =ROUND((D87/C87)*100, 2) & "%" -> 100% | AE87: 59488ffc54ccbe899d50019526e994b3 | AF87: =INT(E87) -> 45880 | AG87: =_xlfn.XLOOKUP(AE87, Dev!$A:$A, Dev!$B:$B, "") -> 45710.507 | AH87: =AF87-AG87 -> 169.49306
A88: 86 | B88: 808146fd3815be899d500198bc35d152 | C88: 576859 | D88: 426859 | E88: 45880 | F88: 45880 | G88: Bệnh viện Nhi Đồng Thành Phố | H88: Viêm tiểu phế quản cấp, rối loạn tiêu hoá | I88: SMART | J88: 45887.63 | K88: =MONTH(J88) -> 8 | L88: 2025 | M88: 2025 | N88: 2025 | O88: 2025 | P88: REIMBURSEMENT_CLAIM | Q88: API | R88: 45656 | S88: 0 | T88: CHILDREN | U88: MALE | V88: OUTPATIENT | W88: Viêm tiểu phế quản cấp, rối loạn tiêu hoá | X88: Khác | Y88: 0-17 | Z88: =IF(S88<=6,"0-6", IF(S88<=17,"7-17", IF(S88<=35,"18-35", IF(S88<=55,"36-55", "56+")))) -> 0-6 | AA88: 017563ff54ccbe899d50019526ed9acb | AB88: 82 | AC88: {=_xlfn.SWITCH(AB88, 79,"Thành phố Hồ Chí Minh", 1,"Thành phố Hà Nội", 35,"Tỉnh Hà Nam", 31,"Thành phố Hải Phòng", 27,"Tỉnh Bắc Ninh", 77,"Tỉnh Bà Rịa - Vũng Tàu", 48,"Thành phố Đà Nẵng", 75,"Tỉnh Đồng Nai", 38,"Tỉnh Thanh Hoá", 82,"Tỉnh Tiền Giang", 74,"Tỉnh Bình Dương", 49,"Tỉnh Quảng Nam", 51,"Tỉnh Quảng Ngãi", 52,"Tỉnh Bình Định", 40,"Tỉnh Nghệ An", "Không xác định" )} -> Tỉnh Tiền Giang | AD88: =ROUND((D88/C88)*100, 2) & "%" -> 74% | AE88: b5a916fe54ccbe899d50019526ed9aba | AF88: =INT(E88) -> 45880 | AG88: =_xlfn.XLOOKUP(AE88, Dev!$A:$A, Dev!$B:$B, "") -> 45710.518 | AH88: =AF88-AG88 -> 169.48193
A89: 87 | B89: 1fd943133815be899d500198b8c8227c | C89: 787000 | D89: 787000 | E89: 45885 | F89: 45885 | G89: Bệnh viện Nhi Trung ương - Trung tâm Quốc tế | H89: Viêm phế quản cấp, viêm tai giữa ứ mủ Phải | I89: SMART | J89: 45886.969 | K89: =MONTH(J89) -> 8 | L89: 2025 | M89: 2025 | N89: 2025 | O89: 2025 | P89: REIMBURSEMENT_CLAIM | Q89: API | R89: 45541 | S89: 1 | T89: CHILDREN | U89: FEMALE | V89: OUTPATIENT | W89: Viêm phế quản cấp, viêm tai giữa ứ mủ phải | X89: Khác | Y89: 0-17 | Z89: =IF(S89<=6,"0-6", IF(S89<=17,"7-17", IF(S89<=35,"18-35", IF(S89<=55,"36-55", "56+")))) -> 0-6 | AA89: e0107413022ebe899d500192bd8e48bd | AB89: 1 | AC89: {=_xlfn.SWITCH(AB89, 79,"Thành phố Hồ Chí Minh", 1,"Thành phố Hà Nội", 35,"Tỉnh Hà Nam", 31,"Thành phố Hải Phòng", 27,"Tỉnh Bắc Ninh", 77,"Tỉnh Bà Rịa - Vũng Tàu", 48,"Thành phố Đà Nẵng", 75,"Tỉnh Đồng Nai", 38,"Tỉnh Thanh Hoá", 82,"Tỉnh Tiền Giang", 74,"Tỉnh Bình Dương", 49,"Tỉnh Quảng Nam", 51,"Tỉnh Quảng Ngãi", 52,"Tỉnh Bình Định", 40,"Tỉnh Nghệ An", "Không xác định" )} -> Thành phố Hà Nội | AD89: =ROUND((D89/C89)*100, 2) & "%" -> 100% | AE89: 4a78d991022ebe899d500192bd8e4814 | AF89: =INT(E89) -> 45885 | AG89: =_xlfn.XLOOKUP(AE89, Dev!$A:$A, Dev!$B:$B, "") -> 45590.628 | AH89: =AF89-AG89 -> 294.37184
A90: 88 | B90: 91d667d73815be899d500198ad917d20 | C90: 455000 | D90: 104000 | E90: 45881 | F90: 45881 | G90: Bệnh viện đa khoa Kinh Bắc II | H90: Viêm V.A cấp, viêm amydal, rối loạn chức năng ruột | I90: SMART | J90: 45884.789 | K90: =MONTH(J90) -> 8 | L90: 2025 | M90: 2025 | N90: 2025 | O90: 2025 | P90: REIMBURSEMENT_CLAIM | Q90: API | R90: 45487 | S90: 1 | T90: CHILDREN | U90: MALE | V90: OUTPATIENT | W90: Viêm v.a cấp, viêm amydal, rối loạn chức năng ruột | X90: Tiêu hóa | Y90: 0-17 | Z90: =IF(S90<=6,"0-6", IF(S90<=17,"7-17", IF(S90<=35,"18-35", IF(S90<=55,"36-55", "56+")))) -> 0-6 | AA90: b1231cb26fcbbe899d500195ec39357c | AB90: 27 | AC90: {=_xlfn.SWITCH(AB90, 79,"Thành phố Hồ Chí Minh", 1,"Thành phố Hà Nội", 35,"Tỉnh Hà Nam", 31,"Thành phố Hải Phòng", 27,"Tỉnh Bắc Ninh", 77,"Tỉnh Bà Rịa - Vũng Tàu", 48,"Thành phố Đà Nẵng", 75,"Tỉnh Đồng Nai", 38,"Tỉnh Thanh Hoá", 82,"Tỉnh Tiền Giang", 74,"Tỉnh Bình Dương", 49,"Tỉnh Quảng Nam", 51,"Tỉnh Quảng Ngãi", 52,"Tỉnh Bình Định", 40,"Tỉnh Nghệ An", "Không xác định" )} -> Tỉnh Bắc Ninh | AD90: =ROUND((D90/C90)*100, 2) & "%" -> 22.86% | AE90: 1b8b71416fcbbe899d500195ec3934c0 | AF90: =INT(E90) -> 45881 | AG90: =_xlfn.XLOOKUP(AE90, Dev!$A:$A, Dev!$B:$B, "") -> 45748.821 | AH90: =AF90-AG90 -> 132.17903
A91: 89 | B91: c4b4b6573815be899d500198a2320193 | C91: 204500 | D91: 96400 | E91: 45879 | F91: 45879 | G91: Hệ thống Phòng khám Nhi Đồng 315 - PK 16 | H91: Viêm mũi họng - Táo bón | I91: SMART | J91: 45882.579 | K91: =MONTH(J91) -> 8 | L91: 2025 | M91: 2025 | N91: 2025 | O91: 2025 | P91: REIMBURSEMENT_CLAIM | Q91: API | R91: 44269 | S91: 4 | T91: CHILDREN | U91: MALE | V91: OUTPATIENT | W91: Viêm mũi họng - táo bón | X91: Hô hấp | Y91: 0-17 | Z91: =IF(S91<=6,"0-6", IF(S91<=17,"7-17", IF(S91<=35,"18-35", IF(S91<=55,"36-55", "56+")))) -> 0-6 | AA91: e7056dfc7b61be899d500195376d0bdf | AB91: 79 | AC91: {=_xlfn.SWITCH(AB91, 79,"Thành phố Hồ Chí Minh", 1,"Thành phố Hà Nội", 35,"Tỉnh Hà Nam", 31,"Thành phố Hải Phòng", 27,"Tỉnh Bắc Ninh", 77,"Tỉnh Bà Rịa - Vũng Tàu", 48,"Thành phố Đà Nẵng", 75,"Tỉnh Đồng Nai", 38,"Tỉnh Thanh Hoá", 82,"Tỉnh Tiền Giang", 74,"Tỉnh Bình Dương", 49,"Tỉnh Quảng Nam", 51,"Tỉnh Quảng Ngãi", 52,"Tỉnh Bình Định", 40,"Tỉnh Nghệ An", "Không xác định" )} -> Thành phố Hồ Chí Minh | AD91: =ROUND((D91/C91)*100, 2) & "%" -> 47.14% | AE91: 9c3910fb7b61be899d500195376d0bcd | AF91: =INT(E91) -> 45879 | AG91: =_xlfn.XLOOKUP(AE91, Dev!$A:$A, Dev!$B:$B, "") -> 45689 | AH91: =AF91-AG91 -> 190
A92: 90 | B92: 2b24fa033815be899d500198a22de99f | C92: 370000 | D92: 296000 | E92: 45877 | F92: 45877 | G92: Hệ thống Phòng khám Nhi Đồng 315 - PK 16 | H92: Viêm họng/Sốt ngày 1 | I92: SMART | J92: 45882.576 | K92: =MONTH(J92) -> 8 | L92: 2025 | M92: 2025 | N92: 2025 | O92: 2025 | P92: REIMBURSEMENT_CLAIM | Q92: API | R92: 44269 | S92: 4 | T92: CHILDREN | U92: MALE | V92: OUTPATIENT | W92: Viêm họng/sốt ngày 1 | X92: Hô hấp | Y92: 0-17 | Z92: =IF(S92<=6,"0-6", IF(S92<=17,"7-17", IF(S92<=35,"18-35", IF(S92<=55,"36-55", "56+")))) -> 0-6 | AA92: e7056dfc7b61be899d500195376d0bdf | AB92: 79 | AC92: {=_xlfn.SWITCH(AB92, 79,"Thành phố Hồ Chí Minh", 1,"Thành phố Hà Nội", 35,"Tỉnh Hà Nam", 31,"Thành phố Hải Phòng", 27,"Tỉnh Bắc Ninh", 77,"Tỉnh Bà Rịa - Vũng Tàu", 48,"Thành phố Đà Nẵng", 75,"Tỉnh Đồng Nai", 38,"Tỉnh Thanh Hoá", 82,"Tỉnh Tiền Giang", 74,"Tỉnh Bình Dương", 49,"Tỉnh Quảng Nam", 51,"Tỉnh Quảng Ngãi", 52,"Tỉnh Bình Định", 40,"Tỉnh Nghệ An", "Không xác định" )} -> Thành phố Hồ Chí Minh | AD92: =ROUND((D92/C92)*100, 2) & "%" -> 80% | AE92: 9c3910fb7b61be899d500195376d0bcd | AF92: =INT(E92) -> 45877 | AG92: =_xlfn.XLOOKUP(AE92, Dev!$A:$A, Dev!$B:$B, "") -> 45689 | AH92: =AF92-AG92 -> 188
A93: 91 | B93: bd2068fa3815be899d5001989e6d3300 | C93: 427346 | D93: 427346 | E93: 45877 | F93: 45877 | G93: Bệnh viện Nhi Đồng Thành Phố | H93: viêm phế quản phổi | I93: SMART | J93: 45881.847 | K93: =MONTH(J93) -> 8 | L93: 2025 | M93: 2025 | N93: 2025 | O93: 2025 | P93: REIMBURSEMENT_CLAIM | Q93: API | R93: 45656 | S93: 0 | T93: CHILDREN | U93: MALE | V93: OUTPATIENT | W93: Viêm phế quản phổi | X93: Khác | Y93: 0-17 | Z93: =IF(S93<=6,"0-6", IF(S93<=17,"7-17", IF(S93<=35,"18-35", IF(S93<=55,"36-55", "56+")))) -> 0-6 | AA93: 017563ff54ccbe899d50019526ed9acb | AB93: 82 | AC93: {=_xlfn.SWITCH(AB93, 79,"Thành phố Hồ Chí Minh", 1,"Thành phố Hà Nội", 35,"Tỉnh Hà Nam", 31,"Thành phố Hải Phòng", 27,"Tỉnh Bắc Ninh", 77,"Tỉnh Bà Rịa - Vũng Tàu", 48,"Thành phố Đà Nẵng", 75,"Tỉnh Đồng Nai", 38,"Tỉnh Thanh Hoá", 82,"Tỉnh Tiền Giang", 74,"Tỉnh Bình Dương", 49,"Tỉnh Quảng Nam", 51,"Tỉnh Quảng Ngãi", 52,"Tỉnh Bình Định", 40,"Tỉnh Nghệ An", "Không xác định" )} -> Tỉnh Tiền Giang | AD93: =ROUND((D93/C93)*100, 2) & "%" -> 100% | AE93: b5a916fe54ccbe899d50019526ed9aba | AF93: =INT(E93) -> 45877 | AG93: =_xlfn.XLOOKUP(AE93, Dev!$A:$A, Dev!$B:$B, "") -> 45710.518 | AH93: =AF93-AG93 -> 166.48193
A94: 92 | B94: 50f400fc3815be899d5001989e69e347 | C94: 895644 | D94: 692699 | E94: 45877 | F94: 45877 | G94: Bệnh viện Nhi Đồng Thành Phố | H94: Viêm mũi họng, sốt N3 | I94: SMART | J94: 45881.844 | K94: =MONTH(J94) -> 8 | L94: 2025 | M94: 2025 | N94: 2025 | O94: 2025 | P94: REIMBURSEMENT_CLAIM | Q94: API | R94: 45656 | S94: 0 | T94: CHILDREN | U94: MALE | V94: OUTPATIENT | W94: Viêm mũi họng, sốt n3 | X94: Hô hấp | Y94: 0-17 | Z94: =IF(S94<=6,"0-6", IF(S94<=17,"7-17", IF(S94<=35,"18-35", IF(S94<=55,"36-55", "56+")))) -> 0-6 | AA94: a414dcfd54ccbe899d50019526e994c2 | AB94: 82 | AC94: {=_xlfn.SWITCH(AB94, 79,"Thành phố Hồ Chí Minh", 1,"Thành phố Hà Nội", 35,"Tỉnh Hà Nam", 31,"Thành phố Hải Phòng", 27,"Tỉnh Bắc Ninh", 77,"Tỉnh Bà Rịa - Vũng Tàu", 48,"Thành phố Đà Nẵng", 75,"Tỉnh Đồng Nai", 38,"Tỉnh Thanh Hoá", 82,"Tỉnh Tiền Giang", 74,"Tỉnh Bình Dương", 49,"Tỉnh Quảng Nam", 51,"Tỉnh Quảng Ngãi", 52,"Tỉnh Bình Định", 40,"Tỉnh Nghệ An", "Không xác định" )} -> Tỉnh Tiền Giang | AD94: =ROUND((D94/C94)*100, 2) & "%" -> 77.34% | AE94: 59488ffc54ccbe899d50019526e994b3 | AF94: =INT(E94) -> 45877 | AG94: =_xlfn.XLOOKUP(AE94, Dev!$A:$A, Dev!$B:$B, "") -> 45710.507 | AH94: =AF94-AG94 -> 166.49306
A95: 93 | B95: d964eb913815be899d5001989d9034bb | C95: 659722 | D95: 317811 | E95: 45879 | F95: 45879 | G95: Bệnh Viện Nhi Đồng II | H95: viêm phế quản phổi, Hen | I95: SMART | J95: 45881.679 | K95: =MONTH(J95) -> 8 | L95: 2025 | M95: 2025 | N95: 2025 | O95: 2025 | P95: REIMBURSEMENT_CLAIM | Q95: API | R95: 45480 | S95: 1 | T95: CHILDREN | U95: MALE | V95: OUTPATIENT | W95: Viêm phế quản phổi, hen | X95: Hô hấp | Y95: 0-17 | Z95: =IF(S95<=6,"0-6", IF(S95<=17,"7-17", IF(S95<=35,"18-35", IF(S95<=55,"36-55", "56+")))) -> 0-6 | AA95: 35aa204052b9be899d5001951de05882 | AB95: 79 | AC95: {=_xlfn.SWITCH(AB95, 79,"Thành phố Hồ Chí Minh", 1,"Thành phố Hà Nội", 35,"Tỉnh Hà Nam", 31,"Thành phố Hải Phòng", 27,"Tỉnh Bắc Ninh", 77,"Tỉnh Bà Rịa - Vũng Tàu", 48,"Thành phố Đà Nẵng", 75,"Tỉnh Đồng Nai", 38,"Tỉnh Thanh Hoá", 82,"Tỉnh Tiền Giang", 74,"Tỉnh Bình Dương", 49,"Tỉnh Quảng Nam", 51,"Tỉnh Quảng Ngãi", 52,"Tỉnh Bình Định", 40,"Tỉnh Nghệ An", "Không xác định" )} -> Thành phố Hồ Chí Minh | AD95: =ROUND((D95/C95)*100, 2) & "%" -> 48.17% | AE95: 9e0395fe52b9be899d5001951de057ca | AF95: =INT(E95) -> 45879 | AG95: =_xlfn.XLOOKUP(AE95, Dev!$A:$A, Dev!$B:$B, "") -> 45708 | AH95: =AF95-AG95 -> 171
A96: 94 | B96: ba25c7fc3815be899d50019899e0d085 | C96: 238500 | D96: 190800 | E96: 45865 | F96: 45865 | G96: Hệ thống Phòng khám Nhi Đồng 315 - PK 16 | H96: viêm phế quản cấp | I96: SMART | J96: 45880.965 | K96: =MONTH(J96) -> 8 | L96: 2025 | M96: 2025 | N96: 2025 | O96: 2025 | P96: REIMBURSEMENT_CLAIM | Q96: API | R96: 43910 | S96: 5 | T96: CHILDREN | U96: MALE | V96: OUTPATIENT | W96: Viêm phế quản cấp | X96: Hô hấp | Y96: 0-17 | Z96: =IF(S96<=6,"0-6", IF(S96<=17,"7-17", IF(S96<=35,"18-35", IF(S96<=55,"36-55", "56+")))) -> 0-6 | AA96: 1bc811e317bdbe899d500194a17cd0bd | AB96: 79 | AC96: {=_xlfn.SWITCH(AB96, 79,"Thành phố Hồ Chí Minh", 1,"Thành phố Hà Nội", 35,"Tỉnh Hà Nam", 31,"Thành phố Hải Phòng", 27,"Tỉnh Bắc Ninh", 77,"Tỉnh Bà Rịa - Vũng Tàu", 48,"Thành phố Đà Nẵng", 75,"Tỉnh Đồng Nai", 38,"Tỉnh Thanh Hoá", 82,"Tỉnh Tiền Giang", 74,"Tỉnh Bình Dương", 49,"Tỉnh Quảng Nam", 51,"Tỉnh Quảng Ngãi", 52,"Tỉnh Bình Định", 40,"Tỉnh Nghệ An", "Không xác định" )} -> Thành phố Hồ Chí Minh | AD96: =ROUND((D96/C96)*100, 2) & "%" -> 80% | AE96: cffcc32317bdbe899d500194a17cd0ae | AF96: =INT(E96) -> 45865 | AG96: =_xlfn.XLOOKUP(AE96, Dev!$A:$A, Dev!$B:$B, "") -> 45684.658 | AH96: =AF96-AG96 -> 180.34223
... A107: 105 | B107: 1fceadf83815be899d5001987a31bb98 | C107: 9551292 | D107: 2540097 | E107: 45857 | F107: 45861 | G107: Bệnh Viện Nhi Đồng II | H107: gãy 1/3 dưới 2 xương cẳng tay phải | I107: SMART | J107: 45874.813 | K107: =MONTH(J107) -> 8 | L107: 2025 | M107: 2025 | N107: 2025 | O107: 2025 | P107: REIMBURSEMENT_CLAIM | Q107: API | R107: 43124 | S107: 7 | T107: CHILDREN | U107: MALE | V107: LABOR ACCIDENT | W107: Gãy 1/3 dưới 2 xương cẳng tay phải | X107: Khác | Y107: 0-17 | Z107: =IF(S107<=6,"0-6", IF(S107<=17,"7-17", IF(S107<=35,"18-35", IF(S107<=55,"36-55", "56+")))) -> 7-17 | AA107: e90a4047168ebe899d500193ac0c0204 | AB107: 51 | AC107: {=_xlfn.SWITCH(AB107, 79,"Thành phố Hồ Chí Minh", 1,"Thành phố Hà Nội", 35,"Tỉnh Hà Nam", 31,"Thành phố Hải Phòng", 27,"Tỉnh Bắc Ninh", 77,"Tỉnh Bà Rịa - Vũng Tàu", 48,"Thành phố Đà Nẵng", 75,"Tỉnh Đồng Nai", 38,"Tỉnh Thanh Hoá", 82,"Tỉnh Tiền Giang", 74,"Tỉnh Bình Dương", 49,"Tỉnh Quảng Nam", 51,"Tỉnh Quảng Ngãi", 52,"Tỉnh Bình Định", 40,"Tỉnh Nghệ An", "Không xác định" )} -> Tỉnh Quảng Ngãi | AD107: =ROUND((D107/C107)*100, 2) & "%" -> 26.59% | AE107: 9e3ef286168ebe899d500193ac0c01f7 | AF107: =INT(E107) -> 45857 | AG107: =_xlfn.XLOOKUP(AE107, Dev!$A:$A, Dev!$B:$B, "") -> 45636.939 | AH107: =AF107-AG107 -> 220.06146
A108: 106 | B108: 0648b2fc3815be899d5001987a083008 | C108: 280780 | D108: 151264 | E108: 45874 | G108: Bệnh viện Quốc tế Sản Nhi Hải Phòng | H108: chấn thương bàn tay P | I108: SMART | J108: 45874.786 | K108: =MONTH(J108) -> 8 | L108: 2025 | M108: 2025 | N108: 2025 | O108: 2025 | P108: REIMBURSEMENT_CLAIM | Q108: API | R108: 45463 | S108: 1 | T108: CHILDREN | U108: FEMALE | V108: OUTPATIENT | W108: Chấn thương bàn tay p | X108: Khác | Y108: 0-17 | Z108: =IF(S108<=6,"0-6", IF(S108<=17,"7-17", IF(S108<=35,"18-35", IF(S108<=55,"36-55", "56+")))) -> 0-6 | AA108: d75fe1fb1e92be899d500196bedb9a3c | AB108: 31 | AC108: {=_xlfn.SWITCH(AB108, 79,"Thành phố Hồ Chí Minh", 1,"Thành phố Hà Nội", 35,"Tỉnh Hà Nam", 31,"Thành phố Hải Phòng", 27,"Tỉnh Bắc Ninh", 77,"Tỉnh Bà Rịa - Vũng Tàu", 48,"Thành phố Đà Nẵng", 75,"Tỉnh Đồng Nai", 38,"Tỉnh Thanh Hoá", 82,"Tỉnh Tiền Giang", 74,"Tỉnh Bình Dương", 49,"Tỉnh Quảng Nam", 51,"Tỉnh Quảng Ngãi", 52,"Tỉnh Bình Định", 40,"Tỉnh Nghệ An", "Không xác định" )} -> Thành phố Hải Phòng | AD108: =ROUND((D108/C108)*100, 2) & "%" -> 53.87% | AE108: 8c83a4fa1e92be899d500196bedb9a29 | AF108: =INT(E108) -> 45874 | AG108: =_xlfn.XLOOKUP(AE108, Dev!$A:$A, Dev!$B:$B, "") -> 45789.722 | AH108: =AF108-AG108 -> 84.27787
A109: 107 | B109: b50450fd3815be899d5001987452af9f | C109: 226893 | D109: 181514 | E109: 45868 | F109: 45868 | G109: Bệnh viện đa khoa Xuyên Á | H109: Nhiễm trùng đường hô hấp trên cấp | I109: SMART | J109: 45873.672 | K109: =MONTH(J109) -> 8 | L109: 2025 | M109: 2025 | N109: 2025 | O109: 2025 | P109: REIMBURSEMENT_CLAIM | Q109: API | R109: 44269 | S109: 4 | T109: CHILDREN | U109: MALE | V109: OUTPATIENT | W109: Nhiễm trùng đường hô hấp trên cấp | X109: Hô hấp | Y109: 0-17 | Z109: =IF(S109<=6,"0-6", IF(S109<=17,"7-17", IF(S109<=35,"18-35", IF(S109<=55,"36-55", "56+")))) -> 0-6 | AA109: e7056dfc7b61be899d500195376d0bdf | AB109: 79 | AC109: {=_xlfn.SWITCH(AB109, 79,"Thành phố Hồ Chí Minh", 1,"Thành phố Hà Nội", 35,"Tỉnh Hà Nam", 31,"Thành phố Hải Phòng", 27,"Tỉnh Bắc Ninh", 77,"Tỉnh Bà Rịa - Vũng Tàu", 48,"Thành phố Đà Nẵng", 75,"Tỉnh Đồng Nai", 38,"Tỉnh Thanh Hoá", 82,"Tỉnh Tiền Giang", 74,"Tỉnh Bình Dương", 49,"Tỉnh Quảng Nam", 51,"Tỉnh Quảng Ngãi", 52,"Tỉnh Bình Định", 40,"Tỉnh Nghệ An", "Không xác định" )} -> Thành phố Hồ Chí Minh | AD109: =ROUND((D109/C109)*100, 2) & "%" -> 80% | AE109: 9c3910fb7b61be899d500195376d0bcd | AF109: =INT(E109) -> 45868 | AG109: =_xlfn.XLOOKUP(AE109, Dev!$A:$A, Dev!$B:$B, "") -> 45689 | AH109: =AF109-AG109 -> 179
A110: 108 | B110: 7b7280ff3815be899d500198744df5fd | C110: 222790 | D110: 178232 | E110: 45863 | F110: 45863 | G110: Bệnh viện Đa khoa Xuyên Á - Vĩnh Long | H110: Nhiễm trùng đường hô hấp trên cấp | I110: SMART | J110: 45873.669 | K110: =MONTH(J110) -> 8 | L110: 2025 | M110: 2025 | N110: 2025 | O110: 2025 | P110: REIMBURSEMENT_CLAIM | Q110: API | R110: 44269 | S110: 4 | T110: CHILDREN | U110: MALE | V110: OUTPATIENT | W110: Nhiễm trùng đường hô hấp trên cấp | X110: Hô hấp | Y110: 0-17 | Z110: =IF(S110<=6,"0-6", IF(S110<=17,"7-17", IF(S110<=35,"18-35", IF(S110<=55,"36-55", "56+")))) -> 0-6 | AA110: e7056dfc7b61be899d500195376d0bdf | AB110: 79 | AC110: {=_xlfn.SWITCH(AB110, 79,"Thành phố Hồ Chí Minh", 1,"Thành phố Hà Nội", 35,"Tỉnh Hà Nam", 31,"Thành phố Hải Phòng", 27,"Tỉnh Bắc Ninh", 77,"Tỉnh Bà Rịa - Vũng Tàu", 48,"Thành phố Đà Nẵng", 75,"Tỉnh Đồng Nai", 38,"Tỉnh Thanh Hoá", 82,"Tỉnh Tiền Giang", 74,"Tỉnh Bình Dương", 49,"Tỉnh Quảng Nam", 51,"Tỉnh Quảng Ngãi", 52,"Tỉnh Bình Định", 40,"Tỉnh Nghệ An", "Không xác định" )} -> Thành phố Hồ Chí Minh | AD110: =ROUND((D110/C110)*100, 2) & "%" -> 80% | AE110: 9c3910fb7b61be899d500195376d0bcd | AF110: =INT(E110) -> 45863 | AG110: =_xlfn.XLOOKUP(AE110, Dev!$A:$A, Dev!$B:$B, "") -> 45689 | AH110: =AF110-AG110 -> 174
A111: 109 | B111: 1f7a52c33815be899d5001987427d04c | C111: 14210 | D111: 11442433 | E111: 45866 | F111: 45870 | G111: Bệnh viện Nhi Trung ương | H111: viêm phổi do virus hợp bào hô hấp | I111: SMART | J111: 45873.641 | K111: =MONTH(J111) -> 8 | L111: 2025 | M111: 2025 | N111: 2025 | O111: 2025 | P111: REIMBURSEMENT_CLAIM | Q111: API | R111: 45701 | S111: 0 | T111: CHILDREN | U111: FEMALE | V111: INPATIENT | W111: Viêm phổi do virus hợp bào hô hấp | X111: Hô hấp | Y111: 0-17 | Z111: =IF(S111<=6,"0-6", IF(S111<=17,"7-17", IF(S111<=35,"18-35", IF(S111<=55,"36-55", "56+")))) -> 0-6 | AA111: 8c83e5746fcbbe899d5001967f988ffa | AB111: 1 | AC111: {=_xlfn.SWITCH(AB111, 79,"Thành phố Hồ Chí Minh", 1,"Thành phố Hà Nội", 35,"Tỉnh Hà Nam", 31,"Thành phố Hải Phòng", 27,"Tỉnh Bắc Ninh", 77,"Tỉnh Bà Rịa - Vũng Tàu", 48,"Thành phố Đà Nẵng", 75,"Tỉnh Đồng Nai", 38,"Tỉnh Thanh Hoá", 82,"Tỉnh Tiền Giang", 74,"Tỉnh Bình Dương", 49,"Tỉnh Quảng Nam", 51,"Tỉnh Quảng Ngãi", 52,"Tỉnh Bình Định", 40,"Tỉnh Nghệ An", "Không xác định" )} -> Thành phố Hà Nội | AD111: =ROUND((D111/C111)*100, 2) & "%" -> 80523.81% | AE111: e5fb4bf26fcbbe899d5001967f988f3f | AF111: =INT(E111) -> 45866 | AG111: =_xlfn.XLOOKUP(AE111, Dev!$A:$A, Dev!$B:$B, "") -> 45777.438 | AH111: =AF111-AG111 -> 88.562106
A112: 110 | B112: 0dbf7bf93815be899d50019874145468 | C112: 4624000 | D112: 4093232 | E112: 45854 | F112: 45856 | G112: Bệnh viện Nhi Trung ương | H112: viêm phế quản cấp- covid 19 | I112: SMART | J112: 45873.626 | K112: =MONTH(J112) -> 8 | L112: 2025 | M112: 2025 | N112: 2025 | O112: 2025 | P112: REIMBURSEMENT_CLAIM | Q112: API | R112: 45701 | S112: 0 | T112: CHILDREN | U112: FEMALE | V112: INPATIENT | W112: Viêm phế quản cấp- covid 19 | X112: Hô hấp | Y112: 0-17 | Z112: =IF(S112<=6,"0-6", IF(S112<=17,"7-17", IF(S112<=35,"18-35", IF(S112<=55,"36-55", "56+")))) -> 0-6 | AA112: 8c83e5746fcbbe899d5001967f988ffa | AB112: 1 | AC112: {=_xlfn.SWITCH(AB112, 79,"Thành phố Hồ Chí Minh", 1,"Thành phố Hà Nội", 35,"Tỉnh Hà Nam", 31,"Thành phố Hải Phòng", 27,"Tỉnh Bắc Ninh", 77,"Tỉnh Bà Rịa - Vũng Tàu", 48,"Thành phố Đà Nẵng", 75,"Tỉnh Đồng Nai", 38,"Tỉnh Thanh Hoá", 82,"Tỉnh Tiền Giang", 74,"Tỉnh Bình Dương", 49,"Tỉnh Quảng Nam", 51,"Tỉnh Quảng Ngãi", 52,"Tỉnh Bình Định", 40,"Tỉnh Nghệ An", "Không xác định" )} -> Thành phố Hà Nội | AD112: =ROUND((D112/C112)*100, 2) & "%" -> 88.52% | AE112: e5fb4bf26fcbbe899d5001967f988f3f | AF112: =INT(E112) -> 45854 | AG112: =_xlfn.XLOOKUP(AE112, Dev!$A:$A, Dev!$B:$B, "") -> 45777.438 | AH112: =AF112-AG112 -> 76.562106
A113: 111 | B113: 051a95fa3815be899d500198740f3323 | C113: 778000 | D113: 461000 | E113: 45861 | F113: 45861 | G113: Bệnh viện Nhi Trung ương | H113: viêm phế quản phổi - Covid 19 | I113: SMART | J113: 45873.622 | K113: =MONTH(J113) -> 8 | L113: 2025 | M113: 2025 | N113: 2025 | O113: 2025 | P113: REIMBURSEMENT_CLAIM | Q113: API | R113: 45701 | S113: 0 | T113: CHILDREN | U113: FEMALE | V113: OUTPATIENT | W113: Viêm phế quản phổi - covid 19 | X113: Hô hấp | Y113: 0-17 | Z113: =IF(S113<=6,"0-6", IF(S113<=17,"7-17", IF(S113<=35,"18-35", IF(S113<=55,"36-55", "56+")))) -> 0-6 | AA113: 8c83e5746fcbbe899d5001967f988ffa | AB113: 1 | AC113: {=_xlfn.SWITCH(AB113, 79,"Thành phố Hồ Chí Minh", 1,"Thành phố Hà Nội", 35,"Tỉnh Hà Nam", 31,"Thành phố Hải Phòng", 27,"Tỉnh Bắc Ninh", 77,"Tỉnh Bà Rịa - Vũng Tàu", 48,"Thành phố Đà Nẵng", 75,"Tỉnh Đồng Nai", 38,"Tỉnh Thanh Hoá", 82,"Tỉnh Tiền Giang", 74,"Tỉnh Bình Dương", 49,"Tỉnh Quảng Nam", 51,"Tỉnh Quảng Ngãi", 52,"Tỉnh Bình Định", 40,"Tỉnh Nghệ An", "Không xác định" )} -> Thành phố Hà Nội | AD113: =ROUND((D113/C113)*100, 2) & "%" -> 59.25% | AE113: e5fb4bf26fcbbe899d5001967f988f3f | AF113: =INT(E113) -> 45861 | AG113: =_xlfn.XLOOKUP(AE113, Dev!$A:$A, Dev!$B:$B, "") -> 45777.438 | AH113: =AF113-AG113 -> 83.562106
...

Sheet Dev
A1: contractId | B1: contractStartDate
A2: 00ef5bfd087cbe899d5001909189131e | B2: 45477
A3: 02afe4643f13be899d500189b53d45a6 | B3: 45141.621
A4: 0519adfd6fcbbe899d50019632f320cc | B4: 45762.555
A5: 08093cd26a92be899d50018a72ddfecd | B5: 45544
A6: 0bd22bfd1018be899d50018cfcb88048 | B6: 45304.632
A7: 0c4023fa5893be899d50018738344f60 | B7: 45017
A8: 0db09cfe1eecbe899d5001951229a40c | B8: 45706.478
A9: 0f2c16f83815be899d50019878e5ffe2 | B9: 45875.576
A10: 130220fe6fcbbe899d5001960a90e183 | B10: 45754.713
A11: 13a313964e44be899d50018a03012090 | B11: 45087
A12: 14f057fe7652be899d500191c58ebb58 | B12: 45542.472
A13: 1864f1fa5c0fbe899d5001957e4be942 | B13: 45727.475
... A156: ff96bcfc169ebe899d50018e98b01664 | B156: 45374
